step,type,amount,nameOrig,oldbalanceOrg,newbalanceOrig,nameDest,oldbalanceDest,newbalanceDest,isFraud,isFlaggedFraud
49,PAYMENT,6736.88,C918966843,21752.0,15015.12,M13369484,0.0,0.0,0,0
49,PAYMENT,3986.91,C465946274,35014.0,31027.09,M636501391,0.0,0.0,0,0
49,PAYMENT,3311.47,C93372921,114.0,0.0,M572338266,0.0,0.0,0,0
49,PAYMENT,1795.42,C1309662232,0.0,0.0,M1462725252,0.0,0.0,0,0
49,PAYMENT,3739.95,C1412687505,58151.0,54411.05,M526881709,0.0,0.0,0,0
49,PAYMENT,7666.45,C800617285,10510.0,2843.55,M57628540,0.0,0.0,0,0
49,CASH_IN,2392.48,C1218658030,19933.0,22325.48,C1443989291,1418200.59,1415808.11,0,0
49,PAYMENT,4263.87,C1811556012,22325.48,18061.61,M129258189,0.0,0.0,0,0
49,PAYMENT,768.81,C2115580400,50029.0,49260.19,M798762131,0.0,0.0,0,0
49,PAYMENT,1510.92,C367638666,25998.0,24487.08,M812556992,0.0,0.0,0,0
49,PAYMENT,7400.82,C122655628,24487.08,17086.26,M1236899658,0.0,0.0,0,0
49,PAYMENT,4348.47,C298605343,107905.0,103556.53,M1416725316,0.0,0.0,0,0
49,PAYMENT,12538.9,C802798005,15255.0,2716.1,M710895811,0.0,0.0,0,0
49,PAYMENT,8391.12,C1496898100,206658.0,198266.88,M17504756,0.0,0.0,0,0
49,PAYMENT,1657.01,C1669143665,17815.0,16157.99,M850753965,0.0,0.0,0,0
49,PAYMENT,6464.4,C767818933,409.0,0.0,M1952351296,0.0,0.0,0,0
49,PAYMENT,37.98,C2135654446,6017.0,5979.02,M1714091643,0.0,0.0,0,0
49,PAYMENT,6252.09,C1413388383,5979.02,0.0,M1422031388,0.0,0.0,0,0
49,TRANSFER,90682.58,C1999358554,284037.0,193354.42,C2020568924,0.0,90682.58,0,0
49,PAYMENT,2878.21,C1174627306,193354.42,190476.2,M1725953813,0.0,0.0,0,0
49,PAYMENT,4266.93,C562721608,12289.0,8022.07,M140121145,0.0,0.0,0,0
49,PAYMENT,3813.29,C1427843819,55900.0,52086.71,M1290078210,0.0,0.0,0,0
49,PAYMENT,5010.89,C1049043685,52086.71,47075.81,M1713636048,0.0,0.0,0,0
49,PAYMENT,3296.58,C1784950925,47075.81,43779.23,M245727451,0.0,0.0,0,0
49,PAYMENT,877.78,C154278880,14700.0,13822.22,M1330031252,0.0,0.0,0,0
49,DEBIT,1950.38,C82647977,293106.0,291155.62,C456844584,23979.72,25930.11,0,0
49,PAYMENT,5918.56,C644669623,241.0,0.0,M1058542209,0.0,0.0,0,0
49,PAYMENT,5192.11,C1164975612,26424.0,21231.89,M690775720,0.0,0.0,0,0
49,PAYMENT,6131.96,C1745109602,103808.0,97676.04,M402115065,0.0,0.0,0,0
49,PAYMENT,4960.37,C1378728198,97676.04,92715.66,M419339469,0.0,0.0,0,0
49,PAYMENT,5364.85,C1378081506,92715.66,87350.82,M2075294046,0.0,0.0,0,0
49,PAYMENT,3134.34,C1156057767,157.0,0.0,M672984579,0.0,0.0,0,0
49,CASH_OUT,146117.83,C1680131368,0.0,0.0,C1974710610,1195536.41,1341654.24,0,0
49,PAYMENT,3119.42,C204748923,11268.0,8148.58,M143505000,0.0,0.0,0,0
49,TRANSFER,67890.21,C1202597260,329.0,0.0,C540676939,9799.16,77689.37,0,0
49,PAYMENT,6007.16,C98676180,40246.0,34238.84,M683391731,0.0,0.0,0,0
49,PAYMENT,3400.83,C1306552186,2019.0,0.0,M2064969991,0.0,0.0,0,0
49,PAYMENT,2895.26,C1939041468,0.0,0.0,M109722655,0.0,0.0,0,0
49,PAYMENT,10202.14,C1218396163,30721.0,20518.86,M341777630,0.0,0.0,0,0
49,PAYMENT,11752.33,C2093048933,61098.0,49345.67,M729597222,0.0,0.0,0,0
49,PAYMENT,5705.79,C424744722,7098.0,1392.21,M1963213066,0.0,0.0,0,0
49,PAYMENT,377.73,C43118979,105970.0,105592.27,M1334395138,0.0,0.0,0,0
49,PAYMENT,3475.4,C1592866406,6478.0,3002.6,M153755811,0.0,0.0,0,0
49,PAYMENT,87.32,C70960620,303.0,215.68,M20841784,0.0,0.0,0,0
49,PAYMENT,7694.65,C1454063999,109315.0,101620.35,M240929841,0.0,0.0,0,0
49,TRANSFER,1021129.67,C1545338291,1021129.67,0.0,C372035143,0.0,0.0,1,0
49,CASH_OUT,1021129.67,C771564749,1021129.67,0.0,C2126217921,86245.92,1107375.59,1,0
49,PAYMENT,8030.91,C567355572,6989.0,0.0,M1291900283,0.0,0.0,0,0
49,PAYMENT,7156.64,C1316314893,12390.0,5233.36,M183157058,0.0,0.0,0,0
49,PAYMENT,1144.92,C584506403,33353.0,32208.08,M1773563407,0.0,0.0,0,0
49,PAYMENT,3787.65,C232773891,21199.0,17411.35,M1365506347,0.0,0.0,0,0
49,PAYMENT,3975.49,C1161826528,598337.0,594361.51,M526178385,0.0,0.0,0,0
49,DEBIT,1258.13,C1815612792,22167.0,20908.87,C1430487579,58374.24,59632.37,0,0
49,PAYMENT,690.84,C576457589,34659.0,33968.16,M1734265038,0.0,0.0,0,0
49,PAYMENT,8134.51,C507054628,3300.0,0.0,M851871574,0.0,0.0,0,0
49,CASH_OUT,79057.87,C1887643096,0.0,0.0,C159445815,720759.67,799817.54,0,0
49,PAYMENT,7652.06,C1628081086,30943.0,23290.94,M926209425,0.0,0.0,0,0
49,PAYMENT,10996.43,C835586070,23290.94,12294.51,M1477072402,0.0,0.0,0,0
49,PAYMENT,6488.26,C1843945942,157.0,0.0,M2086775207,0.0,0.0,0,0
49,PAYMENT,5888.57,C1026461829,20846.0,14957.43,M924777460,0.0,0.0,0,0
49,CASH_IN,42055.81,C433506832,14957.43,57013.24,C1062383068,258349.23,216293.42,0,0
49,CASH_IN,131982.55,C1753969692,57013.24,188995.78,C1076514705,353919.14,221936.6,0,0
49,CASH_IN,235137.92,C568879920,188995.78,424133.7,C1543005080,2288901.44,2053763.53,0,0
49,CASH_IN,156045.39,C1642718626,424133.7,580179.09,C1833053127,2049550.63,1893505.23,0,0
49,CASH_IN,63713.58,C1321215429,580179.09,643892.67,C553229336,803400.46,739686.89,0,0
49,CASH_IN,15673.92,C2111341461,643892.67,659566.59,C1768033286,101765.46,86091.54,0,0
49,CASH_IN,681184.29,C529254133,659566.59,1340750.88,C1437735369,2500450.87,1819266.58,0,0
49,CASH_IN,293768.31,C828503123,1340750.88,1634519.19,C279443860,1128690.94,834922.63,0,0
49,CASH_IN,330991.35,C2118128055,1634519.19,1965510.54,C1856982588,3698641.69,3367650.34,0,0
49,CASH_IN,283184.58,C1203626433,1965510.54,2248695.12,C1663686815,987280.63,704096.06,0,0
49,CASH_IN,224472.37,C104868781,2248695.12,2473167.49,C1027684091,227889.02,3416.65,0,0
49,CASH_IN,210481.76,C951948378,2473167.49,2683649.25,C107578462,861806.0,651324.24,0,0
49,CASH_IN,144511.66,C1183770451,2683649.25,2828160.91,C699555925,6327638.47,6183126.81,0,0
49,CASH_IN,68519.1,C1846916522,2828160.91,2896680.01,C328451698,248746.53,180227.43,0,0
49,CASH_IN,167679.55,C1771038342,2896680.01,3064359.55,C2018420177,383323.32,215643.77,0,0
49,CASH_IN,48268.67,C1036296361,3064359.55,3112628.22,C1910280401,264334.27,216065.6,0,0
49,CASH_IN,21950.12,C205618237,3112628.22,3134578.34,C1801013582,41949.14,19999.02,0,0
49,CASH_IN,212816.58,C1329213690,3134578.34,3347394.91,C1958665493,1533151.46,1320334.88,0,0
49,CASH_IN,260821.04,C1494701133,3347394.91,3608215.95,C1537132085,1480034.02,1219212.98,0,0
49,CASH_IN,388706.36,C1095657006,3608215.95,3996922.31,C848455489,1059906.13,671199.77,0,0
49,CASH_IN,124041.42,C1181309614,3996922.31,4120963.74,C1747754578,1007381.4,883339.98,0,0
49,CASH_IN,62806.88,C1481252729,4120963.74,4183770.61,C1904645675,1238229.55,1175422.68,0,0
49,CASH_IN,225019.98,C1000119553,4183770.61,4408790.59,C938993659,2554588.02,2329568.04,0,0
49,CASH_IN,33744.11,C164754250,4408790.59,4442534.7,C1786099923,8706605.21,8672861.1,0,0
49,CASH_IN,54980.21,C98657524,4442534.7,4497514.91,C1789633718,169489.67,114509.45,0,0
49,CASH_IN,100544.31,C223875814,4497514.91,4598059.23,C110995520,684612.44,584068.12,0,0
49,CASH_IN,261702.2,C1391715033,4598059.23,4859761.43,C365350249,326372.47,64670.27,0,0
49,CASH_IN,171601.05,C1413349486,4859761.43,5031362.48,C232960807,301242.21,129641.16,0,0
49,CASH_IN,249881.46,C1517689049,5031362.48,5281243.94,C496964536,1574215.25,1324333.79,0,0
49,CASH_IN,102928.48,C401931859,5281243.94,5384172.42,C891895121,360494.18,257565.7,0,0
49,CASH_IN,21636.94,C1524380510,5384172.42,5405809.36,C1695645073,2207877.63,2186240.69,0,0
49,CASH_IN,159058.12,C2126865691,5405809.36,5564867.47,C853047860,343539.78,184481.67,0,0
49,CASH_IN,174585.35,C345971402,5564867.47,5739452.82,C557219528,266356.61,91771.26,0,0
49,CASH_IN,134354.71,C606697580,5739452.82,5873807.54,C257884050,4514248.53,4379893.82,0,0
49,CASH_IN,79830.09,C525658484,5873807.54,5953637.63,C2087707409,1926681.26,1846851.17,0,0
49,CASH_IN,85757.63,C1248635448,5953637.63,6039395.26,C223698951,211069.39,125311.75,0,0
49,CASH_IN,36051.05,C650748149,6039395.26,6075446.31,C1003815817,854505.18,818454.14,0,0
49,CASH_IN,148576.52,C1238124120,6075446.31,6224022.83,C707965723,1409141.01,1260564.49,0,0
49,DEBIT,2251.76,C1911232860,270.0,0.0,C1625255353,237321.04,239572.81,0,0
49,PAYMENT,19038.39,C1593393203,0.0,0.0,M903646481,0.0,0.0,0,0
49,PAYMENT,2621.5,C503964532,84773.0,82151.5,M922822672,0.0,0.0,0,0
49,PAYMENT,1822.53,C594353691,82151.5,80328.97,M1921559394,0.0,0.0,0,0
49,PAYMENT,9195.85,C592180228,80328.97,71133.12,M498338261,0.0,0.0,0,0
49,PAYMENT,1837.57,C1449284030,20462.0,18624.43,M1636185003,0.0,0.0,0,0
49,PAYMENT,4281.0,C496042059,101661.0,97380.0,M550914189,0.0,0.0,0,0
49,TRANSFER,171895.23,C1685914248,97380.0,0.0,C791020103,1072205.62,1244100.85,0,0
49,TRANSFER,96167.81,C875986631,0.0,0.0,C1653096920,277353.82,373521.63,0,0
49,TRANSFER,1878429.84,C565228370,0.0,0.0,C1427799264,2479539.15,4357968.99,0,0
49,TRANSFER,1976693.38,C867173833,0.0,0.0,C1140712423,11394357.79,13371051.17,0,0
49,TRANSFER,34933.75,C1062549621,0.0,0.0,C1628051942,5343724.17,5378657.92,0,0
49,TRANSFER,1286792.37,C940751134,0.0,0.0,C911111398,2077686.95,3364479.32,0,0
49,TRANSFER,676524.85,C480028525,0.0,0.0,C797336830,1374253.24,2050778.1,0,0
49,TRANSFER,375250.39,C791771002,0.0,0.0,C1937678015,2272777.06,2648027.46,0,0
49,TRANSFER,269533.88,C959542393,0.0,0.0,C821547387,385145.63,654679.52,0,0
49,TRANSFER,563586.6,C348581896,0.0,0.0,C1029052712,1510682.03,2074268.63,0,0
49,TRANSFER,641285.42,C1838713394,0.0,0.0,C2013303428,932367.63,1573653.05,0,0
49,TRANSFER,364081.29,C1236707932,0.0,0.0,C297031093,1244242.08,1608323.37,0,0
49,TRANSFER,494518.5,C2065079727,0.0,0.0,C486371171,5161643.44,5656161.94,0,0
49,TRANSFER,701769.58,C1492350069,0.0,0.0,C50454268,1393486.1,2095255.68,0,0
49,TRANSFER,297889.43,C1905503299,0.0,0.0,C1450828900,1702102.2,1999991.62,0,0
49,TRANSFER,187815.26,C218831975,32709.0,0.0,C172314549,2449621.9,2637437.16,0,0
49,PAYMENT,5149.76,C1119818636,201422.0,196272.24,M19695474,0.0,0.0,0,0
49,PAYMENT,690.5,C1840366240,12077.0,11386.5,M948699989,0.0,0.0,0,0
49,PAYMENT,231.1,C43336891,6367.0,6135.9,M1743213708,0.0,0.0,0,0
49,PAYMENT,1394.42,C77606418,21329.0,19934.58,M1559106424,0.0,0.0,0,0
49,PAYMENT,191.12,C1953899714,55815.0,55623.88,M703090164,0.0,0.0,0,0
49,PAYMENT,8789.82,C742205029,55623.88,46834.06,M14976329,0.0,0.0,0,0
49,PAYMENT,1759.45,C1173483939,46834.06,45074.6,M773686020,0.0,0.0,0,0
49,PAYMENT,6509.57,C1809225388,4685.0,0.0,M1337759826,0.0,0.0,0,0
49,PAYMENT,1548.01,C92935407,3395.0,1846.99,M1204658937,0.0,0.0,0,0
49,PAYMENT,885.65,C410070874,132007.0,131121.35,M858020366,0.0,0.0,0,0
49,PAYMENT,5992.12,C1725701609,59177.0,53184.88,M1286386081,0.0,0.0,0,0
49,PAYMENT,1947.95,C1563839633,53184.88,51236.93,M1288931603,0.0,0.0,0,0
49,PAYMENT,381.12,C1256650293,11348.0,10966.88,M1676572529,0.0,0.0,0,0
49,PAYMENT,1736.13,C215219545,3019.0,1282.87,M1545103041,0.0,0.0,0,0
49,PAYMENT,114.92,C565343273,27471.0,27356.08,M829938321,0.0,0.0,0,0
49,PAYMENT,100.09,C576569555,521.0,420.91,M1030526007,0.0,0.0,0,0
49,DEBIT,533.12,C265137295,2213.0,1679.88,C1068171725,51455.5,51988.63,0,0
49,PAYMENT,3391.26,C6380725,50646.0,47254.74,M1282826034,0.0,0.0,0,0
49,PAYMENT,5202.89,C358791079,47254.74,42051.86,M2007619664,0.0,0.0,0,0
49,PAYMENT,18192.6,C2099754724,42051.86,23859.26,M56027581,0.0,0.0,0,0
49,PAYMENT,8122.4,C50969087,18867.0,10744.6,M987470486,0.0,0.0,0,0
49,PAYMENT,4326.47,C2055969727,206760.0,202433.53,M1311022674,0.0,0.0,0,0
49,PAYMENT,9114.04,C2887720,409.0,0.0,M1724196241,0.0,0.0,0,0
49,PAYMENT,3804.44,C1077222549,103038.0,99233.56,M713678031,0.0,0.0,0,0
49,PAYMENT,4865.05,C1254372582,99233.56,94368.51,M90339714,0.0,0.0,0,0
49,PAYMENT,715.79,C1843076111,5086.0,4370.21,M156293855,0.0,0.0,0,0
49,PAYMENT,13329.21,C1649978391,4370.21,0.0,M1960867767,0.0,0.0,0,0
49,PAYMENT,4254.48,C1097741888,0.0,0.0,M1323801232,0.0,0.0,0,0
49,PAYMENT,3080.39,C1777909583,49742.0,46661.61,M508698632,0.0,0.0,0,0
49,PAYMENT,11621.16,C784259508,46661.61,35040.45,M1560274409,0.0,0.0,0,0
49,PAYMENT,9534.97,C1884371966,35040.45,25505.47,M2131494812,0.0,0.0,0,0
49,PAYMENT,18786.34,C656868016,25505.47,6719.13,M81034000,0.0,0.0,0,0
49,PAYMENT,52929.83,C2107850431,6719.13,0.0,M1653405296,0.0,0.0,0,0
49,PAYMENT,952.73,C2107726355,0.0,0.0,M1510650444,0.0,0.0,0,0
49,PAYMENT,26621.81,C1052256628,0.0,0.0,M990017445,0.0,0.0,0,0
49,PAYMENT,2503.06,C1283769108,26574.0,24070.94,M1125355546,0.0,0.0,0,0
49,PAYMENT,6974.11,C1017115269,269946.0,262971.89,M336070124,0.0,0.0,0,0
49,PAYMENT,8883.44,C2122246170,7526.0,0.0,M565326991,0.0,0.0,0,0
49,PAYMENT,2933.82,C1660608998,0.0,0.0,M906604336,0.0,0.0,0,0
49,PAYMENT,3640.37,C1069465555,54308.0,50667.63,M253289191,0.0,0.0,0,0
49,CASH_OUT,240859.28,C978900787,50667.63,0.0,C810983830,1231895.96,1472755.24,0,0
49,CASH_OUT,193494.71,C1104383847,0.0,0.0,C1019629847,525250.95,718745.67,0,0
49,CASH_OUT,454663.12,C190443689,0.0,0.0,C378041664,1602860.45,2057523.57,0,0
49,CASH_OUT,109284.54,C1126049023,0.0,0.0,C1353518278,2369681.4,2478965.93,0,0
49,CASH_OUT,266533.11,C1057194720,0.0,0.0,C1157297801,1185756.59,1452289.71,0,0
49,CASH_OUT,150590.13,C1660324560,0.0,0.0,C1361765075,374222.95,524813.08,0,0
49,CASH_OUT,3079.89,C653193887,0.0,0.0,C325804665,1123202.5,1126282.39,0,0
49,CASH_OUT,192409.74,C342168417,0.0,0.0,C1914859592,635822.33,828232.07,0,0
49,CASH_OUT,240137.32,C936548239,0.0,0.0,C921300124,1026525.35,1266662.66,0,0
49,CASH_OUT,210236.9,C1629764527,0.0,0.0,C72182350,3314518.52,3524755.41,0,0
49,CASH_OUT,503800.45,C806307614,0.0,0.0,C1815712622,1506189.82,2009990.27,0,0
49,CASH_OUT,303683.61,C206414949,0.0,0.0,C340284091,4543098.23,4846781.84,0,0
49,CASH_OUT,67639.96,C796931212,0.0,0.0,C1359417707,282162.37,349802.32,0,0
49,CASH_OUT,368086.45,C1866042256,0.0,0.0,C1822052148,864067.71,1232154.16,0,0
49,CASH_OUT,196168.46,C625215198,0.0,0.0,C586663235,2770569.76,2966738.22,0,0
49,CASH_OUT,27770.72,C1154211999,0.0,0.0,C1269953308,62166.3,89937.02,0,0
49,CASH_OUT,19977.49,C1791068382,0.0,0.0,C1898491959,127486.88,147464.37,0,0
49,CASH_OUT,56165.72,C1225259805,0.0,0.0,C1135523296,536571.7,592737.43,0,0
49,CASH_OUT,375862.78,C1282438677,0.0,0.0,C704682776,3558865.15,3934727.93,0,0
49,CASH_OUT,432116.1,C1462020124,0.0,0.0,C821496831,635929.86,1068045.96,0,0
49,CASH_OUT,94227.97,C826625374,0.0,0.0,C1527582755,557846.42,652074.39,0,0
49,PAYMENT,5006.35,C1206683512,15638.0,10631.65,M149131598,0.0,0.0,0,0
49,PAYMENT,6470.1,C2054532102,536.0,0.0,M1631662507,0.0,0.0,0,0
49,DEBIT,2197.71,C1119202748,35575.0,33377.29,C1332906314,3158.26,5355.97,0,0
49,PAYMENT,1022.8,C1447570757,63547.0,62524.2,M25869846,0.0,0.0,0,0
49,PAYMENT,3045.63,C1764629477,168.0,0.0,M102335281,0.0,0.0,0,0
49,CASH_OUT,51120.81,C296531122,380.0,0.0,C374852862,132288.45,183409.26,0,0
49,PAYMENT,6347.61,C1166197407,100387.0,94039.39,M1550452985,0.0,0.0,0,0
49,PAYMENT,1158.68,C371198030,1616.0,457.32,M1650272028,0.0,0.0,0,0
49,PAYMENT,5680.26,C832079858,8003.0,2322.74,M1035562232,0.0,0.0,0,0
49,PAYMENT,2080.76,C734884217,100532.0,98451.24,M539219675,0.0,0.0,0,0
49,PAYMENT,4384.17,C1433498170,51760.0,47375.83,M593038016,0.0,0.0,0,0
49,PAYMENT,967.62,C1667228011,360.0,0.0,M1567909589,0.0,0.0,0,0
49,PAYMENT,14649.25,C55193571,0.0,0.0,M1747860032,0.0,0.0,0,0
49,DEBIT,393.49,C1952893591,89824.0,89430.51,C534146171,259979.4,260372.89,0,0
49,PAYMENT,7312.94,C182081536,89430.51,82117.57,M1480416143,0.0,0.0,0,0
49,PAYMENT,9313.09,C1096320754,82117.57,72804.48,M61394492,0.0,0.0,0,0
49,CASH_OUT,113642.02,C1533713425,56621.0,0.0,C2076056509,563622.27,677264.29,0,0
49,PAYMENT,5049.86,C1773753808,0.0,0.0,M1817387267,0.0,0.0,0,0
49,PAYMENT,9877.25,C693095323,0.0,0.0,M650793143,0.0,0.0,0,0
49,PAYMENT,2311.47,C92182123,84.0,0.0,M1884349694,0.0,0.0,0,0
49,PAYMENT,4765.91,C655686268,41995.0,37229.09,M1395608001,0.0,0.0,0,0
49,PAYMENT,1063.0,C580079617,253289.0,252226.0,M1435707321,0.0,0.0,0,0
49,DEBIT,1.66,C1431625837,6714.0,6712.34,C1989504869,845394.99,845396.65,0,0
49,PAYMENT,1287.91,C2090654279,19866.0,18578.09,M1152884365,0.0,0.0,0,0
49,PAYMENT,1120.76,C139843405,4103.0,2982.24,M2054162850,0.0,0.0,0,0
49,PAYMENT,7127.79,C1621404233,10343.0,3215.21,M404685606,0.0,0.0,0,0
49,CASH_OUT,73783.77,C1045844183,3215.21,0.0,C1455292329,210001.37,283785.14,0,0
49,PAYMENT,1443.51,C1150378918,179499.0,178055.49,M27426719,0.0,0.0,0,0
49,CASH_OUT,11921.58,C1631869630,178055.49,166133.91,C49046491,357722.81,369644.39,0,0
49,PAYMENT,5144.46,C1838706345,69.0,0.0,M584826095,0.0,0.0,0,0
49,PAYMENT,4173.2,C806842796,243289.0,239115.8,M1942310074,0.0,0.0,0,0
49,PAYMENT,1711.87,C1569098061,239115.8,237403.94,M583363286,0.0,0.0,0,0
49,PAYMENT,8219.84,C701822259,237403.94,229184.1,M1882049583,0.0,0.0,0,0
49,PAYMENT,10344.49,C420016006,229184.1,218839.61,M269661611,0.0,0.0,0,0
49,PAYMENT,21770.03,C518105079,218839.61,197069.58,M11750576,0.0,0.0,0,0
49,PAYMENT,6516.52,C1578760191,197069.58,190553.06,M1529065082,0.0,0.0,0,0
49,PAYMENT,43061.83,C1215198454,190553.06,147491.23,M1386375047,0.0,0.0,0,0
49,PAYMENT,15739.31,C1133888547,147491.23,131751.92,M84144725,0.0,0.0,0,0
49,PAYMENT,30175.27,C1056047047,131751.92,101576.65,M2133735873,0.0,0.0,0,0
49,PAYMENT,9100.91,C318201563,101576.65,92475.74,M142382986,0.0,0.0,0,0
49,PAYMENT,6007.0,C969039493,92475.74,86468.73,M925669453,0.0,0.0,0,0
49,PAYMENT,1273.76,C528812533,86468.73,85194.97,M1940458824,0.0,0.0,0,0
49,PAYMENT,5156.79,C1479824334,85194.97,80038.18,M185157237,0.0,0.0,0,0
49,PAYMENT,12595.14,C1022639168,80038.18,67443.04,M126658011,0.0,0.0,0,0
49,PAYMENT,419.42,C2111581383,67443.04,67023.63,M1009248231,0.0,0.0,0,0
49,PAYMENT,12275.71,C556583455,67023.63,54747.91,M1139544476,0.0,0.0,0,0
49,PAYMENT,4178.29,C1598732082,54747.91,50569.63,M1548844003,0.0,0.0,0,0
49,PAYMENT,3591.09,C459947588,50569.63,46978.54,M942255172,0.0,0.0,0,0
49,PAYMENT,1525.8,C852524884,49891.0,48365.2,M1703515278,0.0,0.0,0,0
49,CASH_OUT,136709.37,C794496613,774.0,0.0,C798929467,0.0,136709.37,0,0
49,PAYMENT,6803.71,C1516624966,349.0,0.0,M1811821185,0.0,0.0,0,0
49,CASH_OUT,68202.87,C1115354772,0.0,0.0,C974324441,1126464.87,1194667.74,0,0
49,PAYMENT,881.87,C891674776,16636.0,15754.13,M1096195478,0.0,0.0,0,0
49,PAYMENT,5219.02,C1537656071,50170.0,44950.98,M1316832945,0.0,0.0,0,0
49,PAYMENT,16945.17,C1422286534,44950.98,28005.81,M562676709,0.0,0.0,0,0
49,PAYMENT,4494.14,C1290445870,28005.81,23511.67,M1753623500,0.0,0.0,0,0
49,PAYMENT,22996.18,C248543348,23511.67,515.49,M1638466720,0.0,0.0,0,0
49,PAYMENT,29622.13,C2021328751,515.49,0.0,M570067943,0.0,0.0,0,0
49,PAYMENT,5754.6,C744772724,0.0,0.0,M88201564,0.0,0.0,0,0
49,PAYMENT,13985.95,C622982884,0.0,0.0,M1358033940,0.0,0.0,0,0
49,PAYMENT,20588.11,C1580785034,0.0,0.0,M1429763112,0.0,0.0,0,0
49,PAYMENT,6612.42,C2130984637,156079.0,149466.58,M537535517,0.0,0.0,0,0
49,PAYMENT,3422.79,C952527131,11121.0,7698.21,M784978719,0.0,0.0,0,0
49,PAYMENT,68.69,C1894183341,5096.0,5027.31,M20777312,0.0,0.0,0,0
49,PAYMENT,5771.39,C171456237,100007.0,94235.61,M1778998686,0.0,0.0,0,0
49,CASH_IN,128570.07,C765833963,4407.0,132977.07,C1709983717,106071.74,0.0,0,0
49,CASH_IN,3288.52,C1144703030,117455.0,120743.52,C1715390422,0.0,0.0,0,0
49,CASH_OUT,183041.32,C268304642,120743.52,0.0,C926926951,419325.85,602367.17,0,0
49,PAYMENT,4370.95,C800807118,100577.0,96206.05,M797541688,0.0,0.0,0,0
49,PAYMENT,2060.97,C1038123911,2070.0,9.03,M1114202920,0.0,0.0,0,0
49,PAYMENT,431.97,C937508483,49516.0,49084.03,M1411566850,0.0,0.0,0,0
49,PAYMENT,3567.14,C1843892410,264.0,0.0,M1688133133,0.0,0.0,0,0
49,PAYMENT,1658.81,C1513484603,907378.0,905719.19,M415067554,0.0,0.0,0,0
49,PAYMENT,3923.35,C1225677903,123290.0,119366.65,M1534234069,0.0,0.0,0,0
49,PAYMENT,4429.9,C775623593,119366.65,114936.76,M1570286513,0.0,0.0,0,0
49,PAYMENT,213.11,C1716484201,60381.0,60167.89,M698113360,0.0,0.0,0,0
49,PAYMENT,4114.7,C1598858641,7006.0,2891.3,M1200703722,0.0,0.0,0,0
49,PAYMENT,1352.16,C1518402625,210558.0,209205.84,M289229980,0.0,0.0,0,0
49,CASH_OUT,67144.66,C728171271,209205.84,142061.19,C197117096,839670.78,906815.44,0,0
49,PAYMENT,1804.97,C1719453849,15964.0,14159.03,M1002652387,0.0,0.0,0,0
49,PAYMENT,5017.47,C1080144043,15994.0,10976.53,M1393421467,0.0,0.0,0,0
49,TRANSFER,162621.96,C1396035171,2281.0,0.0,C942416530,0.0,162621.96,0,0
49,PAYMENT,947.51,C1925208764,0.0,0.0,M1072253095,0.0,0.0,0,0
49,PAYMENT,2013.7,C54268661,855.0,0.0,M2114425383,0.0,0.0,0,0
49,PAYMENT,4376.28,C249701089,0.0,0.0,M2067529706,0.0,0.0,0,0
49,PAYMENT,83.73,C418636226,13109.0,13025.27,M1520950865,0.0,0.0,0,0
49,PAYMENT,3004.72,C1162681038,268.0,0.0,M1630365986,0.0,0.0,0,0
49,PAYMENT,2743.88,C1717004596,220460.0,217716.12,M48658169,0.0,0.0,0,0
49,PAYMENT,557.33,C802195201,2940.0,2382.67,M633245600,0.0,0.0,0,0
49,PAYMENT,4123.0,C2029866218,5074.0,951.0,M1235074226,0.0,0.0,0,0
49,PAYMENT,3908.75,C1650377231,10338.0,6429.25,M869044843,0.0,0.0,0,0
49,DEBIT,51.07,C558105316,22012.0,21960.93,C135965427,1227124.78,1227175.85,0,0
49,PAYMENT,3527.39,C85475922,11627.0,8099.61,M289580612,0.0,0.0,0,0
49,PAYMENT,8434.94,C1187652045,8099.61,0.0,M1192777938,0.0,0.0,0,0
49,PAYMENT,1776.94,C5609649,0.0,0.0,M77692537,0.0,0.0,0,0
49,PAYMENT,15578.93,C326300521,0.0,0.0,M380233501,0.0,0.0,0,0
49,PAYMENT,28551.86,C974480745,0.0,0.0,M893945572,0.0,0.0,0,0
49,PAYMENT,20718.6,C824562335,0.0,0.0,M1760385705,0.0,0.0,0,0
49,PAYMENT,36479.89,C2034390256,0.0,0.0,M139231898,0.0,0.0,0,0
49,PAYMENT,1906.53,C392304678,0.0,0.0,M366485617,0.0,0.0,0,0
49,PAYMENT,6584.37,C2119570414,0.0,0.0,M308418284,0.0,0.0,0,0
49,PAYMENT,10924.63,C356949934,0.0,0.0,M1095368415,0.0,0.0,0,0
49,PAYMENT,6808.97,C256793723,0.0,0.0,M228191752,0.0,0.0,0,0
49,PAYMENT,6545.58,C746826746,0.0,0.0,M573708211,0.0,0.0,0,0
49,PAYMENT,12042.66,C1600272906,0.0,0.0,M499738176,0.0,0.0,0,0
49,PAYMENT,27675.68,C740610680,0.0,0.0,M505006016,0.0,0.0,0,0
49,PAYMENT,1662.45,C1348803683,0.0,0.0,M105421641,0.0,0.0,0,0
49,PAYMENT,6279.3,C209010410,0.0,0.0,M1552076643,0.0,0.0,0,0
49,PAYMENT,9409.37,C620512916,0.0,0.0,M1714164625,0.0,0.0,0,0
49,PAYMENT,5104.9,C1133241296,0.0,0.0,M154719509,0.0,0.0,0,0
49,PAYMENT,1484.56,C1337387584,0.0,0.0,M1233180860,0.0,0.0,0,0
49,PAYMENT,8401.08,C1435051839,0.0,0.0,M441897190,0.0,0.0,0,0
49,PAYMENT,9743.98,C1657457926,0.0,0.0,M767601883,0.0,0.0,0,0
49,PAYMENT,4179.31,C837604995,0.0,0.0,M487711160,0.0,0.0,0,0
49,PAYMENT,8377.42,C688373217,0.0,0.0,M17398382,0.0,0.0,0,0
49,TRANSFER,444444.56,C1443294210,16125.0,0.0,C982988384,98828.75,543273.31,0,0
49,PAYMENT,2914.6,C1149819739,13985.0,11070.4,M1358208670,0.0,0.0,0,0
49,PAYMENT,9709.99,C442778852,11070.4,1360.41,M2070142294,0.0,0.0,0,0
49,PAYMENT,10227.66,C2041807714,1360.41,0.0,M222818980,0.0,0.0,0,0
49,PAYMENT,11575.76,C893179020,0.0,0.0,M1355822608,0.0,0.0,0,0
49,PAYMENT,5711.85,C891095035,0.0,0.0,M134021422,0.0,0.0,0,0
49,PAYMENT,3730.48,C1421225449,0.0,0.0,M84402649,0.0,0.0,0,0
49,PAYMENT,8481.86,C1492655197,0.0,0.0,M937656861,0.0,0.0,0,0
49,PAYMENT,9385.41,C1381972077,17448.0,8062.59,M1751913174,0.0,0.0,0,0
49,PAYMENT,3384.08,C1886318962,367.0,0.0,M1538680328,0.0,0.0,0,0
49,TRANSFER,68884.74,C1887543619,10961.0,0.0,C2036994639,0.0,68884.74,0,0
49,PAYMENT,1881.38,C2020861735,478.0,0.0,M2140240954,0.0,0.0,0,0
49,PAYMENT,1239.77,C402637798,79278.0,78038.23,M1787425763,0.0,0.0,0,0
49,TRANSFER,132108.35,C228883274,7051.0,0.0,C886068452,920368.7,1052477.05,0,0
49,PAYMENT,1459.51,C2040575592,0.0,0.0,M279558729,0.0,0.0,0,0
49,CASH_IN,43399.9,C890914132,50033.0,93432.9,C775590926,252626.68,209226.79,0,0
49,PAYMENT,1473.03,C466224790,1139.0,0.0,M1730535537,0.0,0.0,0,0
49,PAYMENT,820.01,C973305134,0.0,0.0,M1565833183,0.0,0.0,0,0
49,PAYMENT,10074.6,C383902805,0.0,0.0,M1578088592,0.0,0.0,0,0
49,PAYMENT,23471.16,C2130975866,0.0,0.0,M127313418,0.0,0.0,0,0
49,PAYMENT,18502.8,C516700641,0.0,0.0,M1025821072,0.0,0.0,0,0
49,PAYMENT,23319.24,C1646060930,0.0,0.0,M1351133501,0.0,0.0,0,0
49,PAYMENT,8614.69,C804553212,0.0,0.0,M881309147,0.0,0.0,0,0
49,PAYMENT,19876.55,C833775164,0.0,0.0,M619114614,0.0,0.0,0,0
49,PAYMENT,39085.27,C789999223,0.0,0.0,M649473827,0.0,0.0,0,0
49,PAYMENT,29651.99,C68632143,0.0,0.0,M392236027,0.0,0.0,0,0
49,PAYMENT,3054.23,C194554550,52220.29,49166.06,M473977809,0.0,0.0,0,0
49,PAYMENT,7199.25,C563671888,49166.06,41966.8,M1043929675,0.0,0.0,0,0
49,PAYMENT,3480.35,C1882905120,63862.0,60381.65,M1861931309,0.0,0.0,0,0
49,DEBIT,2068.95,C136228305,1619.0,0.0,C1620772527,137043.76,139112.71,0,0
49,PAYMENT,10898.93,C2122520027,0.0,0.0,M1489910769,0.0,0.0,0,0
49,PAYMENT,2064.01,C1611004540,29733.0,27668.99,M487109512,0.0,0.0,0,0
49,PAYMENT,3950.16,C2076393535,31786.0,27835.84,M1392241925,0.0,0.0,0,0
49,PAYMENT,1147.71,C501361468,27835.84,26688.14,M1169055739,0.0,0.0,0,0
49,PAYMENT,5272.72,C604843465,26688.14,21415.42,M689143688,0.0,0.0,0,0
49,PAYMENT,3872.93,C623123037,21415.42,17542.49,M306366597,0.0,0.0,0,0
49,PAYMENT,15442.65,C1600965729,17542.49,2099.84,M1840322363,0.0,0.0,0,0
49,PAYMENT,3500.59,C1749163554,2099.84,0.0,M1816196431,0.0,0.0,0,0
49,PAYMENT,24553.5,C1433809762,0.0,0.0,M815529528,0.0,0.0,0,0
49,PAYMENT,4126.13,C1213224199,0.0,0.0,M600910799,0.0,0.0,0,0
49,PAYMENT,38053.14,C1205400052,0.0,0.0,M685616393,0.0,0.0,0,0
49,PAYMENT,13083.88,C1651457400,0.0,0.0,M1221258665,0.0,0.0,0,0
49,PAYMENT,9086.8,C1209917973,0.0,0.0,M225291258,0.0,0.0,0,0
49,PAYMENT,19739.73,C385012690,0.0,0.0,M155898624,0.0,0.0,0,0
49,PAYMENT,24874.19,C778081654,0.0,0.0,M1311955259,0.0,0.0,0,0
49,PAYMENT,22054.08,C1323237228,0.0,0.0,M290711396,0.0,0.0,0,0
49,PAYMENT,1654.84,C1001528093,0.0,0.0,M1670510161,0.0,0.0,0,0
49,PAYMENT,5358.02,C1519206608,0.0,0.0,M1424745506,0.0,0.0,0,0
49,PAYMENT,1454.18,C2141878097,0.0,0.0,M325395851,0.0,0.0,0,0
49,PAYMENT,2591.32,C601783543,0.0,0.0,M673142362,0.0,0.0,0,0
49,PAYMENT,309.18,C69446903,0.0,0.0,M1053853829,0.0,0.0,0,0
49,PAYMENT,7954.97,C1857647212,0.0,0.0,M1011242087,0.0,0.0,0,0
49,PAYMENT,15689.57,C630915852,0.0,0.0,M531964826,0.0,0.0,0,0
49,PAYMENT,6500.0,C976885778,22137.0,15637.0,M886146654,0.0,0.0,0,0
49,PAYMENT,5934.97,C1227845803,2043.0,0.0,M2133865447,0.0,0.0,0,0
49,PAYMENT,2068.73,C362827419,107966.0,105897.27,M763091207,0.0,0.0,0,0
49,PAYMENT,2927.97,C526605867,40527.0,37599.03,M1630726443,0.0,0.0,0,0
49,PAYMENT,870.68,C1995548416,37599.03,36728.35,M95550264,0.0,0.0,0,0
49,PAYMENT,7076.8,C10911651,10.0,0.0,M1982575917,0.0,0.0,0,0
49,PAYMENT,6804.56,C219792719,438.0,0.0,M125540335,0.0,0.0,0,0
49,PAYMENT,5882.14,C873704388,0.0,0.0,M523956918,0.0,0.0,0,0
49,PAYMENT,2714.46,C1556770723,200.0,0.0,M131419962,0.0,0.0,0,0
49,PAYMENT,1864.41,C775002511,30716.0,28851.59,M1725329853,0.0,0.0,0,0
49,PAYMENT,7842.04,C1768865203,100248.0,92405.96,M1156547387,0.0,0.0,0,0
49,PAYMENT,2483.39,C1722849224,370807.0,368323.61,M859719994,0.0,0.0,0,0
49,PAYMENT,2417.03,C799140299,52434.0,50016.97,M393167199,0.0,0.0,0,0
49,PAYMENT,5341.58,C1963170477,50435.0,45093.42,M884308654,0.0,0.0,0,0
49,PAYMENT,93.58,C343552578,461516.0,461422.42,M2037578795,0.0,0.0,0,0
49,CASH_OUT,36541.72,C281921370,461422.42,424880.7,C2012524605,38703.38,75245.1,0,0
49,PAYMENT,5629.0,C263372775,99023.0,93394.0,M1243571313,0.0,0.0,0,0
49,CASH_OUT,260371.93,C618810045,93394.0,0.0,C1269844589,1558055.62,1818427.55,0,0
49,PAYMENT,5750.02,C1525399148,166.0,0.0,M1086095185,0.0,0.0,0,0
49,DEBIT,1134.08,C1907468251,109720.0,108585.92,C605577713,309466.87,310600.95,0,0
49,TRANSFER,45150.29,C1202765042,108585.92,63435.63,C850148648,579822.05,624972.35,0,0
49,PAYMENT,8527.92,C1085235894,1096.0,0.0,M1665846021,0.0,0.0,0,0
49,PAYMENT,3092.37,C523843528,9083.0,5990.63,M1563189233,0.0,0.0,0,0
49,CASH_OUT,57055.0,C1714236464,5990.63,0.0,C1782574548,117994.02,175049.02,0,0
49,PAYMENT,4057.13,C1393217811,96.0,0.0,M98249677,0.0,0.0,0,0
49,CASH_OUT,123458.91,C985083728,489187.0,365728.09,C479219509,0.0,123458.91,0,0
49,PAYMENT,1927.43,C905238682,25936.0,24008.57,M812844414,0.0,0.0,0,0
49,PAYMENT,3719.16,C1814746622,24008.57,20289.41,M1877260932,0.0,0.0,0,0
49,DEBIT,323.1,C2093453290,113417.0,113093.9,C1985083556,948487.04,948810.14,0,0
49,PAYMENT,997.54,C1421291001,76052.0,75054.46,M1846052788,0.0,0.0,0,0
49,DEBIT,2446.87,C611459179,300943.0,298496.13,C1263965606,166094.37,168541.25,0,0
49,PAYMENT,11038.89,C1686782928,10482.0,0.0,M163541597,0.0,0.0,0,0
49,PAYMENT,3673.7,C597717497,218.0,0.0,M375680158,0.0,0.0,0,0
49,PAYMENT,7145.21,C549861697,21266.0,14120.79,M1385794206,0.0,0.0,0,0
49,PAYMENT,905.43,C1914050189,14120.79,13215.36,M1193514189,0.0,0.0,0,0
49,PAYMENT,2054.24,C1446949209,100229.0,98174.76,M1215110266,0.0,0.0,0,0
49,CASH_OUT,152455.0,C177064324,81178.0,0.0,C2036051062,0.0,152455.0,0,0
49,TRANSFER,45180.21,C1372828132,4568.0,0.0,C2050594153,1285722.65,1330902.86,0,0
49,PAYMENT,3144.2,C1917085438,0.0,0.0,M1391081984,0.0,0.0,0,0
49,PAYMENT,5744.38,C911149104,47142.0,41397.62,M2053100428,0.0,0.0,0,0
49,PAYMENT,11502.48,C738011567,41397.62,29895.13,M675556586,0.0,0.0,0,0
49,PAYMENT,5208.88,C1719975770,39857.0,34648.12,M1648608181,0.0,0.0,0,0
49,CASH_OUT,32449.26,C540093955,34648.12,2198.87,C1940468066,9264541.79,9296991.05,0,0
49,CASH_OUT,9122.13,C698049939,2198.87,0.0,C1636600318,1912698.04,1921820.17,0,0
49,CASH_OUT,275094.06,C1789292949,0.0,0.0,C552569183,510585.05,785679.11,0,0
49,CASH_OUT,93571.27,C377768223,0.0,0.0,C456904693,448160.29,541731.56,0,0
49,CASH_OUT,248171.2,C1072446714,0.0,0.0,C242173174,600826.0,848997.2,0,0
49,CASH_OUT,428541.8,C1302950249,0.0,0.0,C782652273,1788959.58,2217501.38,0,0
49,CASH_OUT,366843.73,C349870992,0.0,0.0,C1862244823,889985.01,1256828.75,0,0
49,CASH_OUT,83173.72,C539161765,0.0,0.0,C1786607599,147035.29,230209.01,0,0
49,CASH_OUT,4767.12,C2121729975,0.0,0.0,C1966320230,1124486.33,1129253.45,0,0
49,CASH_OUT,83936.67,C2027094825,0.0,0.0,C488837524,2317796.72,2401733.38,0,0
49,CASH_OUT,133426.6,C949293496,0.0,0.0,C642164456,192974.53,326401.13,0,0
49,CASH_OUT,80686.45,C262491603,0.0,0.0,C1380108828,287095.7,367782.16,0,0
49,CASH_OUT,289398.1,C1235855663,0.0,0.0,C144219539,679798.44,969196.55,0,0
49,CASH_OUT,152366.33,C696463736,0.0,0.0,C155518158,956004.23,1108370.56,0,0
49,CASH_OUT,232201.99,C957087009,0.0,0.0,C1566575855,347879.17,580081.16,0,0
49,CASH_OUT,2606.09,C476443654,0.0,0.0,C1233252816,124349.93,126956.03,0,0
49,CASH_OUT,453258.69,C402769524,0.0,0.0,C1671020079,10091438.33,10544697.02,0,0
49,CASH_OUT,197221.49,C674835709,0.0,0.0,C1793105660,797191.51,994413.0,0,0
49,CASH_OUT,77126.97,C1312632366,0.0,0.0,C1589423713,199139.74,276266.71,0,0
49,CASH_OUT,217401.79,C2110465579,0.0,0.0,C684026024,685007.19,902408.98,0,0
49,CASH_OUT,277316.59,C1802468736,0.0,0.0,C776749939,5315971.2,5593287.79,0,0
49,CASH_OUT,184953.34,C173079252,560.0,0.0,C2141157235,0.0,184953.34,0,0
49,PAYMENT,877.41,C767293934,526237.0,525359.59,M157644812,0.0,0.0,0,0
49,PAYMENT,1119.35,C427198429,4512.0,3392.65,M352143485,0.0,0.0,0,0
49,PAYMENT,6035.35,C1719379845,56667.0,50631.65,M1157371486,0.0,0.0,0,0
49,PAYMENT,8065.0,C1771649395,164707.0,156642.0,M391719581,0.0,0.0,0,0
49,PAYMENT,4571.09,C749068412,29897.0,25325.91,M139418960,0.0,0.0,0,0
49,PAYMENT,3566.5,C683519883,25325.91,21759.41,M1986950595,0.0,0.0,0,0
49,PAYMENT,7480.78,C1967906162,21759.41,14278.63,M127712086,0.0,0.0,0,0
49,PAYMENT,4335.71,C1108909529,20531.0,16195.29,M1205676084,0.0,0.0,0,0
49,PAYMENT,1170.52,C1826020848,35228.0,34057.48,M250780983,0.0,0.0,0,0
49,PAYMENT,7094.28,C134365029,8025.0,930.72,M649079513,0.0,0.0,0,0
49,PAYMENT,4970.59,C2085833378,930.72,0.0,M1725066042,0.0,0.0,0,0
49,PAYMENT,16032.79,C2134018450,0.0,0.0,M1483965007,0.0,0.0,0,0
49,PAYMENT,3227.98,C1041483193,17679.0,14451.02,M1265492730,0.0,0.0,0,0
49,PAYMENT,11775.4,C553159708,112.0,0.0,M1692206006,0.0,0.0,0,0
49,PAYMENT,3668.92,C1153641625,216.0,0.0,M1620933833,0.0,0.0,0,0
49,CASH_OUT,120529.31,C73503914,27328.0,0.0,C1443322495,88208.5,208737.81,0,0
49,DEBIT,212.36,C145618723,39851.0,39638.64,C945439177,5164720.57,5164932.93,0,0
49,CASH_IN,95110.75,C1440195915,39638.64,134749.39,C33059198,857053.39,761942.64,0,0
49,CASH_IN,345512.62,C1588060172,134749.39,480262.01,C239330900,16432374.27,16086861.65,0,0
49,CASH_IN,306539.77,C1458301878,480262.01,786801.78,C576530802,842615.6,536075.83,0,0
49,CASH_IN,124036.14,C823659175,786801.78,910837.92,C225274466,454497.18,330461.04,0,0
49,CASH_IN,467626.22,C1494027314,910837.92,1378464.14,C168524880,572308.38,104682.16,0,0
49,CASH_IN,99926.87,C952840351,1378464.14,1478391.02,C426983364,2874511.04,2774584.16,0,0
49,CASH_IN,114005.44,C838126187,1478391.02,1592396.46,C146995616,831258.6,717253.15,0,0
49,CASH_IN,10056.39,C1078506432,1592396.46,1602452.85,C1045173834,193004.14,182947.75,0,0
49,CASH_IN,45245.07,C1905613671,1602452.85,1647697.92,C1449568608,1410774.94,1365529.87,0,0
49,CASH_IN,131263.16,C272355842,1647697.92,1778961.08,C2141119276,1044300.73,913037.57,0,0
49,CASH_IN,366926.33,C118224380,1778961.08,2145887.41,C725796533,1646168.33,1279242.0,0,0
49,CASH_IN,15890.6,C39358574,2145887.41,2161778.0,C239345601,722341.13,706450.54,0,0
49,CASH_IN,103775.56,C1506651425,2161778.0,2265553.57,C460239673,230215.3,126439.74,0,0
49,CASH_IN,62929.26,C388550616,2265553.57,2328482.82,C1868966742,1810803.72,1747874.46,0,0
49,CASH_IN,284404.22,C1339325652,2328482.82,2612887.04,C218050459,3832947.31,3548543.09,0,0
49,CASH_IN,59118.31,C155799200,2612887.04,2672005.35,C653750309,1226707.29,1167588.98,0,0
49,CASH_IN,55328.37,C1037651469,2672005.35,2727333.72,C120041568,1917176.99,1861848.62,0,0
49,CASH_IN,115770.64,C1826492513,2727333.72,2843104.37,C199169439,963258.67,847488.03,0,0
49,CASH_IN,274074.13,C62450,2843104.37,3117178.5,C583586885,4034194.89,3760120.76,0,0
49,CASH_IN,328008.1,C1132433692,3117178.5,3445186.59,C1314041882,1100023.82,772015.72,0,0
49,CASH_IN,128490.94,C874579544,3445186.59,3573677.53,C2123678054,862448.3,733957.36,0,0
49,CASH_IN,93626.2,C685786533,3573677.53,3667303.74,C1765444359,2687028.47,2593402.26,0,0
49,CASH_IN,70672.7,C804826152,3667303.74,3737976.44,C1080991909,406663.76,335991.06,0,0
49,CASH_IN,98983.28,C271593402,3737976.44,3836959.71,C1778508611,1284031.55,1185048.27,0,0
49,CASH_IN,48855.11,C740292642,3836959.71,3885814.83,C238765828,8298732.6,8249877.48,0,0
49,CASH_IN,100438.07,C108551529,3885814.83,3986252.9,C2128917998,513787.16,413349.1,0,0
49,CASH_IN,196445.96,C1812674658,3986252.9,4182698.86,C923097742,1252386.97,1055941.0,0,0
49,TRANSFER,193038.34,C2111276966,11309.0,0.0,C974781443,172462.68,365501.01,0,0
49,PAYMENT,8846.39,C786083542,0.0,0.0,M1779248497,0.0,0.0,0,0
49,PAYMENT,12986.76,C1609613434,0.0,0.0,M509318805,0.0,0.0,0,0
49,PAYMENT,5178.27,C1695295382,0.0,0.0,M1718221027,0.0,0.0,0,0
49,PAYMENT,32849.16,C1061357380,0.0,0.0,M2104414471,0.0,0.0,0,0
49,PAYMENT,10702.43,C2044357035,0.0,0.0,M1356671123,0.0,0.0,0,0
49,PAYMENT,29856.5,C2005101803,0.0,0.0,M2096004597,0.0,0.0,0,0
49,PAYMENT,24125.57,C1456723186,0.0,0.0,M1869866763,0.0,0.0,0,0
49,PAYMENT,66536.63,C58403386,0.0,0.0,M209059445,0.0,0.0,0,0
49,PAYMENT,27615.55,C1145687885,0.0,0.0,M879899504,0.0,0.0,0,0
49,PAYMENT,10992.26,C1854072126,0.0,0.0,M1302800589,0.0,0.0,0,0
49,PAYMENT,10321.35,C1201583507,0.0,0.0,M1657989027,0.0,0.0,0,0
49,PAYMENT,37859.35,C461391314,0.0,0.0,M1863706415,0.0,0.0,0,0
49,PAYMENT,34464.69,C1570108787,0.0,0.0,M672136861,0.0,0.0,0,0
49,PAYMENT,685.99,C834179227,0.0,0.0,M1901344028,0.0,0.0,0,0
49,PAYMENT,4492.53,C51931176,0.0,0.0,M1412728256,0.0,0.0,0,0
49,PAYMENT,6677.44,C561900437,0.0,0.0,M1901188723,0.0,0.0,0,0
49,PAYMENT,10603.71,C835234137,0.0,0.0,M1101144101,0.0,0.0,0,0
49,PAYMENT,4930.2,C265116359,0.0,0.0,M1892738819,0.0,0.0,0,0
49,PAYMENT,258.78,C77990433,0.0,0.0,M1423290776,0.0,0.0,0,0
49,PAYMENT,564.47,C824951463,468.0,0.0,M1177863038,0.0,0.0,0,0
49,PAYMENT,3738.07,C1920417435,21489.0,17750.93,M198641724,0.0,0.0,0,0
49,TRANSFER,175027.65,C1678167323,10939.0,0.0,C1633955290,0.0,175027.65,0,0
49,PAYMENT,3083.84,C80334294,182.0,0.0,M1325508658,0.0,0.0,0,0
49,PAYMENT,3406.54,C2082791174,0.0,0.0,M781761420,0.0,0.0,0,0
49,PAYMENT,15729.4,C1685415156,29847.0,14117.6,M645337200,0.0,0.0,0,0
49,PAYMENT,2132.42,C2087790423,7252.0,5119.58,M400467854,0.0,0.0,0,0
49,PAYMENT,8358.0,C1480799045,344819.0,336461.0,M1177111725,0.0,0.0,0,0
49,PAYMENT,4198.82,C857182368,91368.0,87169.18,M1360503707,0.0,0.0,0,0
49,PAYMENT,1097.57,C269450215,27112.0,26014.43,M474943855,0.0,0.0,0,0
49,PAYMENT,6548.94,C324145366,19953.0,13404.06,M2134209116,0.0,0.0,0,0
49,DEBIT,1742.94,C344915486,15561.0,13818.06,C238212345,77055.68,78798.62,0,0
49,PAYMENT,1166.54,C1882079625,16378.0,15211.46,M1945709562,0.0,0.0,0,0
49,PAYMENT,771.65,C654966859,199948.0,199176.35,M1150772410,0.0,0.0,0,0
49,PAYMENT,1248.94,C1178027944,154339.0,153090.06,M2091582063,0.0,0.0,0,0
49,PAYMENT,2323.5,C190074345,20808.0,18484.5,M1947814541,0.0,0.0,0,0
49,PAYMENT,8889.67,C141515169,12201.0,3311.33,M745769657,0.0,0.0,0,0
49,PAYMENT,7864.03,C98677211,15239.0,7374.97,M999476936,0.0,0.0,0,0
49,PAYMENT,3520.33,C1237461578,30971.0,27450.67,M2035566473,0.0,0.0,0,0
49,CASH_IN,169273.62,C1907580433,1021.0,170294.62,C619842476,388545.16,219271.55,0,0
49,PAYMENT,2077.45,C1551514209,101918.0,99840.55,M78830558,0.0,0.0,0,0
49,PAYMENT,5028.91,C1602337998,20894.0,15865.09,M875111161,0.0,0.0,0,0
49,PAYMENT,2539.08,C957198127,22456.0,19916.92,M737406971,0.0,0.0,0,0
49,PAYMENT,1657.57,C2043040135,106645.0,104987.43,M67476140,0.0,0.0,0,0
49,PAYMENT,433.77,C1344616916,9882.0,9448.23,M1688045596,0.0,0.0,0,0
49,CASH_IN,19306.51,C790407009,270.0,19576.51,C1012794535,106920.68,87614.17,0,0
49,PAYMENT,1843.84,C132421844,19576.51,17732.67,M2121726565,0.0,0.0,0,0
49,PAYMENT,2002.7,C1982025951,11451.0,9448.3,M1011799765,0.0,0.0,0,0
49,PAYMENT,398.09,C533711792,16222.0,15823.91,M1445179390,0.0,0.0,0,0
49,PAYMENT,3194.63,C988461133,3141.0,0.0,M1884826043,0.0,0.0,0,0
49,PAYMENT,8512.57,C288091723,0.0,0.0,M1522331599,0.0,0.0,0,0
49,PAYMENT,1707.3,C897256453,32109.0,30401.7,M73395936,0.0,0.0,0,0
49,CASH_OUT,53150.61,C1246232982,30401.7,0.0,C1606023013,3528247.66,3581398.27,0,0
49,CASH_OUT,212113.47,C2008505735,0.0,0.0,C523554423,456405.7,668519.17,0,0
49,PAYMENT,6889.2,C440495184,34175.0,27285.8,M1637005590,0.0,0.0,0,0
49,PAYMENT,565.55,C1809596419,132389.0,131823.45,M642413466,0.0,0.0,0,0
49,PAYMENT,3367.18,C939043055,20973.0,17605.82,M1129774351,0.0,0.0,0,0
49,PAYMENT,12979.49,C1241735486,17605.82,4626.32,M1059069255,0.0,0.0,0,0
49,TRANSFER,128590.91,C1299015068,67015.0,0.0,C1607054435,2446507.58,2575098.49,0,0
49,PAYMENT,4467.32,C967268283,0.0,0.0,M1761397536,0.0,0.0,0,0
49,PAYMENT,3765.51,C1468606813,21450.0,17684.49,M1911486389,0.0,0.0,0,0
49,PAYMENT,10759.1,C1928821948,18382.0,7622.9,M2094795785,0.0,0.0,0,0
49,PAYMENT,4283.02,C1652621582,160668.0,156384.98,M1683231156,0.0,0.0,0,0
49,PAYMENT,5552.19,C755995422,46789.0,41236.81,M825192178,0.0,0.0,0,0
49,CASH_OUT,86679.36,C1531740328,41236.81,0.0,C1784927947,349577.86,436257.23,0,0
49,PAYMENT,2216.39,C525460420,47218.0,45001.61,M1318519891,0.0,0.0,0,0
49,PAYMENT,13093.48,C67484557,10488.0,0.0,M997405285,0.0,0.0,0,0
49,PAYMENT,4321.2,C724351244,110.0,0.0,M1575982502,0.0,0.0,0,0
49,PAYMENT,3701.0,C1948226629,105056.0,101355.0,M1448960185,0.0,0.0,0,0
49,PAYMENT,6373.91,C418858919,101355.0,94981.09,M966046650,0.0,0.0,0,0
49,PAYMENT,2881.73,C832677233,94981.09,92099.36,M214192980,0.0,0.0,0,0
49,PAYMENT,4092.97,C774694676,72566.0,68473.03,M842631176,0.0,0.0,0,0
49,PAYMENT,5096.92,C244263187,28274.0,23177.08,M553616741,0.0,0.0,0,0
49,PAYMENT,6377.33,C1772278313,21403.0,15025.67,M388329181,0.0,0.0,0,0
49,CASH_OUT,28697.24,C1620380315,60574.0,31876.76,C681441853,0.0,28697.24,0,0
49,PAYMENT,306.7,C1016950593,10114.0,9807.3,M1137820001,0.0,0.0,0,0
49,CASH_OUT,9918.37,C2134776896,49549.0,39630.63,C566352997,0.0,9918.37,0,0
49,CASH_OUT,7739.41,C934744302,174734.0,166994.59,C1889413509,212016.24,219755.65,0,0
49,PAYMENT,1120.73,C1619494462,1566.0,445.27,M764451206,0.0,0.0,0,0
49,CASH_OUT,113313.84,C574835816,70829.0,0.0,C492804546,8764.47,122078.3,0,0
49,PAYMENT,14145.67,C763103406,0.0,0.0,M1905712457,0.0,0.0,0,0
49,PAYMENT,4512.85,C1491285588,49912.0,45399.15,M1618673964,0.0,0.0,0,0
49,TRANSFER,313236.03,C755977461,245.0,0.0,C1975513428,40621.34,353857.37,0,0
49,PAYMENT,3434.7,C1781833864,20332.0,16897.3,M732195340,0.0,0.0,0,0
49,DEBIT,1087.77,C326003765,69866.0,68778.23,C100325477,271840.84,272928.61,0,0
49,PAYMENT,4653.76,C1146217033,105047.0,100393.24,M195967659,0.0,0.0,0,0
49,PAYMENT,3949.84,C64148952,19195.0,15245.16,M1673338451,0.0,0.0,0,0
49,PAYMENT,7959.62,C674626503,841.0,0.0,M1387591432,0.0,0.0,0,0
49,PAYMENT,3018.09,C1197315219,83409.0,80390.91,M1285113261,0.0,0.0,0,0
49,PAYMENT,897.11,C1265984570,80390.91,79493.81,M1049417451,0.0,0.0,0,0
49,PAYMENT,15836.71,C358495397,79493.81,63657.1,M325894030,0.0,0.0,0,0
49,PAYMENT,4102.17,C1943559533,18368.0,14265.83,M725350003,0.0,0.0,0,0
49,PAYMENT,2249.04,C1336153261,23147.0,20897.96,M960643608,0.0,0.0,0,0
49,PAYMENT,2063.22,C138429288,15204.0,13140.78,M2084349053,0.0,0.0,0,0
49,PAYMENT,6108.93,C324191787,32144.0,26035.07,M942343387,0.0,0.0,0,0
49,CASH_IN,451696.16,C846875573,26035.07,477731.23,C1898560670,1291077.13,839380.97,0,0
49,CASH_IN,303893.1,C729550539,477731.23,781624.33,C750301866,949319.71,645426.61,0,0
49,CASH_IN,612052.47,C773514769,781624.33,1393676.8,C1891996193,7048948.82,6436896.35,0,0
49,CASH_IN,345055.99,C1324819157,1393676.8,1738732.79,C2129697822,508126.23,163070.24,0,0
49,CASH_IN,192931.46,C783347549,1738732.79,1931664.25,C454372129,338816.64,145885.18,0,0
49,CASH_IN,173402.75,C1710339606,1931664.25,2105067.0,C345357498,587802.81,414400.06,0,0
49,CASH_IN,465455.5,C480444119,2105067.0,2570522.5,C1517589555,1441525.6,976070.1,0,0
49,CASH_IN,8606.71,C1806997020,2570522.5,2579129.21,C837909092,177067.21,168460.5,0,0
49,CASH_IN,117305.98,C1121404464,2579129.21,2696435.2,C1768920392,2404059.89,2286753.91,0,0
49,CASH_IN,459803.03,C712903034,2696435.2,3156238.23,C1608846944,2242871.19,1783068.15,0,0
49,CASH_IN,420019.65,C555814564,3156238.23,3576257.88,C429781695,2401576.57,1981556.92,0,0
49,CASH_IN,287598.02,C1852467434,3576257.88,3863855.9,C1516565803,7033979.4,6746381.38,0,0
49,CASH_IN,228616.55,C376722897,3863855.9,4092472.46,C797178742,265840.99,37224.43,0,0
49,CASH_IN,222379.15,C1276885948,4092472.46,4314851.61,C371290780,418501.01,196121.86,0,0
49,CASH_IN,248217.52,C1709623477,4314851.61,4563069.12,C2112591260,289491.71,41274.19,0,0
49,CASH_IN,284216.94,C1484177883,4563069.12,4847286.07,C128723112,882344.6,598127.65,0,0
49,CASH_IN,250532.74,C1813564889,4847286.07,5097818.81,C209767449,1908579.66,1658046.92,0,0
49,CASH_IN,181460.53,C2102349245,5097818.81,5279279.34,C111232025,1745177.46,1563716.93,0,0
49,CASH_IN,498101.08,C775913921,5279279.34,5777380.42,C1577082704,1338759.13,840658.05,0,0
49,CASH_IN,50141.2,C1084880324,5777380.42,5827521.61,C1314004676,583905.53,533764.33,0,0
49,CASH_IN,299919.08,C1794477581,5827521.61,6127440.7,C624281936,1230590.43,930671.35,0,0
49,CASH_IN,140473.19,C1842349131,6127440.7,6267913.88,C1446237952,7100715.84,6960242.65,0,0
49,CASH_IN,138274.42,C1068741049,6267913.88,6406188.3,C1253004356,2340145.03,2201870.61,0,0
49,CASH_IN,511628.18,C817587294,6406188.3,6917816.48,C1510995831,516229.15,4600.97,0,0
49,CASH_IN,402563.06,C1995964834,6917816.48,7320379.54,C597225577,2370653.96,1968090.9,0,0
49,CASH_IN,398022.48,C468169066,7320379.54,7718402.02,C1841409213,2831985.97,2433963.49,0,0
49,CASH_IN,199122.51,C964425174,7718402.02,7917524.53,C461380409,743742.1,544619.59,0,0
49,CASH_IN,47378.01,C1376382771,7917524.53,7964902.54,C802350007,259304.65,211926.64,0,0
49,CASH_IN,22051.47,C1690960321,7964902.54,7986954.01,C1764420905,164887.44,142835.97,0,0
49,CASH_IN,279634.89,C1115717843,7986954.01,8266588.91,C1384079694,637767.43,358132.53,0,0
49,CASH_IN,150709.06,C607328272,8266588.91,8417297.96,C2078295828,1864357.16,1713648.1,0,0
49,CASH_IN,120928.04,C962468818,8417297.96,8538226.01,C1962347131,2184880.18,2063952.13,0,0
49,CASH_IN,63389.83,C229560625,8538226.01,8601615.84,C158246075,905143.95,841754.12,0,0
49,CASH_IN,68785.26,C1265520207,8601615.84,8670401.09,C521664670,194281.3,125496.05,0,0
49,CASH_IN,155089.32,C1998662826,8670401.09,8825490.42,C214555146,3199579.43,3044490.11,0,0
49,CASH_IN,147272.42,C1047017751,8825490.42,8972762.84,C2038949354,2629321.77,2482049.35,0,0
49,CASH_IN,162904.82,C1161052338,8972762.84,9135667.66,C1159065544,456553.63,293648.81,0,0
49,CASH_IN,144599.53,C2081514093,9135667.66,9280267.19,C170877309,358797.25,214197.72,0,0
49,CASH_IN,257444.91,C44782905,9280267.19,9537712.1,C1929716164,1543959.96,1286515.05,0,0
49,CASH_IN,114933.4,C2104780026,9537712.1,9652645.5,C1392600163,855457.67,740524.28,0,0
49,CASH_IN,79885.81,C446863926,9652645.5,9732531.31,C532302454,1284529.75,1204643.94,0,0
49,CASH_IN,196109.84,C1834455301,9732531.31,9928641.15,C847187609,458227.11,262117.27,0,0
49,CASH_IN,107760.03,C898437899,9928641.15,10036401.17,C1781387332,1042406.95,934646.92,0,0
49,CASH_IN,81567.34,C1803612916,10036401.17,10117968.51,C518327482,281580.21,200012.88,0,0
49,CASH_IN,158896.28,C1711122072,10117968.51,10276864.79,C96603111,856105.43,697209.15,0,0
49,CASH_IN,72477.36,C880004251,10276864.79,10349342.15,C1994974381,140362.8,67885.44,0,0
49,CASH_IN,155730.1,C1765512277,10349342.15,10505072.25,C1812272571,600987.53,445257.43,0,0
49,CASH_IN,95562.1,C88136916,10505072.25,10600634.35,C632557882,152540.72,56978.62,0,0
49,CASH_IN,119156.88,C218198914,10600634.35,10719791.23,C18849508,392961.0,273804.12,0,0
49,CASH_IN,20253.59,C666657197,10719791.23,10740044.82,C1334545968,30780.39,10526.8,0,0
49,CASH_IN,223138.8,C311476275,10740044.82,10963183.62,C1567520676,2828042.22,2604903.42,0,0
49,CASH_IN,64863.51,C288688329,10963183.62,11028047.12,C1172832973,575094.53,510231.02,0,0
49,CASH_IN,91169.74,C388949006,11028047.12,11119216.86,C1125659067,528822.24,437652.5,0,0
49,CASH_IN,249125.4,C1398496847,11119216.86,11368342.27,C1423983240,10231606.92,9982481.51,0,0
49,CASH_IN,101698.79,C1205767503,11368342.27,11470041.06,C1284704588,677178.54,575479.75,0,0
49,CASH_IN,11281.32,C2123671101,11470041.06,11481322.37,C2072030256,50431.56,39150.25,0,0
49,CASH_IN,61856.74,C519709557,11481322.37,11543179.11,C380364764,651227.59,589370.85,0,0
49,CASH_IN,400459.53,C391823299,11543179.11,11943638.64,C849235112,477662.4,77202.88,0,0
49,CASH_IN,190972.05,C618523794,11943638.64,12134610.69,C5159370,2030221.4,1839249.35,0,0
49,CASH_IN,168633.04,C2133005178,12134610.69,12303243.73,C763340133,537301.81,368668.78,0,0
49,CASH_IN,29017.09,C814573152,12303243.73,12332260.82,C1011102518,1302691.14,1273674.05,0,0
49,CASH_IN,224011.12,C1919644437,12332260.82,12556271.94,C1818956150,589088.86,365077.73,0,0
49,CASH_IN,202358.73,C966371510,12556271.94,12758630.67,C1433627902,6430269.48,6227910.75,0,0
49,CASH_IN,64763.15,C1590084668,12758630.67,12823393.82,C1562333506,858389.17,793626.02,0,0
49,PAYMENT,4475.74,C94574562,5422.0,946.26,M754528152,0.0,0.0,0,0
49,PAYMENT,1260.43,C1481764521,4694.0,3433.57,M819865275,0.0,0.0,0,0
49,PAYMENT,6637.16,C761215813,9112.0,2474.84,M1212105881,0.0,0.0,0,0
49,PAYMENT,2077.41,C533516177,21025.0,18947.59,M1592183085,0.0,0.0,0,0
49,PAYMENT,10882.08,C171398311,18947.59,8065.51,M949928692,0.0,0.0,0,0
49,PAYMENT,3333.24,C1104618033,6419.0,3085.76,M688923783,0.0,0.0,0,0
49,PAYMENT,958.93,C422764398,10886.0,9927.07,M1475684318,0.0,0.0,0,0
49,DEBIT,112.18,C801853883,4143.0,4030.82,C609631413,581357.41,581469.59,0,0
49,CASH_OUT,184717.83,C123174105,4030.82,0.0,C505872178,234432.58,419150.41,0,0
49,CASH_IN,104638.11,C143723250,12080.0,116718.11,C277487389,888192.19,783554.08,0,0
49,PAYMENT,175.42,C1982072809,21971.0,21795.58,M51893791,0.0,0.0,0,0
49,CASH_OUT,83470.98,C1067107088,21795.58,0.0,C931022935,228246.73,311717.71,0,0
49,PAYMENT,1892.14,C1063028875,204014.0,202121.86,M1771162566,0.0,0.0,0,0
49,PAYMENT,3038.96,C1410027461,1019.0,0.0,M1038124055,0.0,0.0,0,0
49,PAYMENT,9722.74,C1721977840,155.0,0.0,M25916185,0.0,0.0,0,0
49,PAYMENT,2631.03,C267415946,0.0,0.0,M906599519,0.0,0.0,0,0
49,PAYMENT,2499.76,C1250540965,133911.0,131411.24,M272632918,0.0,0.0,0,0
49,PAYMENT,2561.57,C472929269,93325.0,90763.43,M1713495880,0.0,0.0,0,0
49,CASH_OUT,63598.6,C1640116924,673.0,0.0,C1925344417,0.0,63598.6,0,0
49,CASH_OUT,142283.42,C1911595118,0.0,0.0,C99043686,193832.12,336115.55,0,0
49,TRANSFER,107970.35,C1874983518,21265.0,0.0,C385180489,2134126.52,2242096.87,0,0
49,PAYMENT,430.76,C133342065,11455.0,11024.24,M2010457825,0.0,0.0,0,0
49,TRANSFER,292631.08,C64097189,171.0,0.0,C1518656892,492976.56,785607.64,0,0
49,PAYMENT,2378.46,C1663107723,85990.0,83611.54,M1901776053,0.0,0.0,0,0
49,CASH_OUT,159120.89,C795221585,83611.54,0.0,C198931103,1738652.19,1897773.07,0,0
49,PAYMENT,6264.14,C1023063867,619.0,0.0,M1470422901,0.0,0.0,0,0
49,PAYMENT,750.41,C1891405392,20024.0,19273.59,M1865908864,0.0,0.0,0,0
49,DEBIT,1242.13,C110994226,42201.0,40958.87,C738257103,111771.4,113013.52,0,0
49,PAYMENT,371.18,C2008259555,105286.0,104914.82,M1676232011,0.0,0.0,0,0
49,PAYMENT,5049.6,C807004212,24443.0,19393.4,M1542867254,0.0,0.0,0,0
49,PAYMENT,537.66,C821148968,122899.0,122361.34,M421229920,0.0,0.0,0,0
49,PAYMENT,5744.19,C1715238463,53583.0,47838.81,M267004983,0.0,0.0,0,0
49,PAYMENT,3578.38,C852482079,9012.0,5433.62,M1883048787,0.0,0.0,0,0
49,PAYMENT,3216.16,C1974802149,21044.0,17827.84,M736106480,0.0,0.0,0,0
49,DEBIT,1029.46,C1730362803,85.0,0.0,C270509728,209530.98,210560.43,0,0
49,PAYMENT,2106.95,C2136790423,41509.0,39402.05,M570685095,0.0,0.0,0,0
49,PAYMENT,1291.23,C158804608,567.0,0.0,M2001162424,0.0,0.0,0,0
49,PAYMENT,3762.68,C1856947114,27085.0,23322.32,M1403368982,0.0,0.0,0,0
49,PAYMENT,882.17,C1672914376,16097.0,15214.83,M775547798,0.0,0.0,0,0
49,PAYMENT,16929.56,C915594856,15214.83,0.0,M1215945642,0.0,0.0,0,0
49,PAYMENT,4103.41,C515354504,20173.0,16069.59,M2142474899,0.0,0.0,0,0
49,PAYMENT,371.48,C1609720467,19956.0,19584.52,M1506821708,0.0,0.0,0,0
49,PAYMENT,10148.8,C2058909969,7223.0,0.0,M427580383,0.0,0.0,0,0
49,CASH_OUT,197572.44,C1431721113,0.0,0.0,C1579001225,1211195.29,1408767.73,0,0
49,PAYMENT,4881.9,C250583641,43579.0,38697.1,M925244004,0.0,0.0,0,0
49,PAYMENT,4361.03,C1291783676,166006.0,161644.97,M736787046,0.0,0.0,0,0
49,PAYMENT,4424.88,C1503989776,102311.0,97886.12,M1591202938,0.0,0.0,0,0
49,TRANSFER,114017.19,C1785967281,114017.19,0.0,C68578357,0.0,0.0,1,0
49,CASH_OUT,114017.19,C305323219,114017.19,0.0,C1508275623,2822872.88,2936890.07,1,0
49,TRANSFER,6191.77,C1667660565,318121.0,311929.23,C712042930,2421245.65,2427437.41,0,0
49,PAYMENT,5139.31,C57808647,75921.0,70781.69,M1961090018,0.0,0.0,0,0
49,DEBIT,1004.39,C1882412521,20226.0,19221.61,C136109802,200122.42,201126.8,0,0
49,PAYMENT,7945.89,C542975529,19221.61,11275.72,M864339722,0.0,0.0,0,0
49,PAYMENT,11190.81,C1498560083,11275.72,84.91,M866430093,0.0,0.0,0,0
49,PAYMENT,1655.28,C2046933182,11143.0,9487.72,M1873321059,0.0,0.0,0,0
49,PAYMENT,1023.28,C654368619,342063.0,341039.72,M827776962,0.0,0.0,0,0
49,PAYMENT,2801.99,C1189430558,92876.0,90074.01,M1837470245,0.0,0.0,0,0
49,PAYMENT,5988.08,C1281356665,38180.0,32191.92,M1274056191,0.0,0.0,0,0
49,PAYMENT,1840.61,C668068906,29230.0,27389.39,M1711556175,0.0,0.0,0,0
49,PAYMENT,7236.59,C1442031053,30069.0,22832.41,M438523385,0.0,0.0,0,0
49,PAYMENT,87.38,C842746411,4695.0,4607.62,M1992901661,0.0,0.0,0,0
49,PAYMENT,3015.5,C1046235844,20978.0,17962.5,M1045449835,0.0,0.0,0,0
49,PAYMENT,4566.71,C1456616344,48674.0,44107.29,M1787260147,0.0,0.0,0,0
49,DEBIT,2350.22,C919666957,27567.0,25216.78,C1976885898,571714.73,574064.94,0,0
49,PAYMENT,4709.05,C173940904,1021.0,0.0,M1297583240,0.0,0.0,0,0
49,CASH_OUT,144840.45,C484868389,0.0,0.0,C644165296,7490192.22,7635032.67,0,0
49,PAYMENT,14986.53,C578888413,87393.0,72406.47,M1503731013,0.0,0.0,0,0
49,PAYMENT,2223.34,C686025013,52418.0,50194.66,M10791589,0.0,0.0,0,0
49,PAYMENT,7653.42,C723052454,10824.0,3170.58,M2046987445,0.0,0.0,0,0
49,CASH_OUT,214704.02,C1302296705,3170.58,0.0,C1367535639,7088403.18,7303107.2,0,0
49,CASH_OUT,246664.66,C1758138901,0.0,0.0,C415202107,736548.05,983212.7,0,0
49,CASH_OUT,174007.72,C75689341,0.0,0.0,C684896216,560553.1,734560.82,0,0
49,PAYMENT,983.53,C1779150460,107773.0,106789.47,M1550227660,0.0,0.0,0,0
49,CASH_OUT,307848.84,C1812816623,106789.47,0.0,C1246828889,771625.55,1079474.39,0,0
49,CASH_OUT,80146.77,C2146931478,0.0,0.0,C2000121471,650341.26,730488.03,0,0
49,PAYMENT,8610.92,C1211677402,21118.0,12507.08,M544271337,0.0,0.0,0,0
49,PAYMENT,877.29,C669908754,296.0,0.0,M1690417114,0.0,0.0,0,0
49,PAYMENT,7821.64,C1772240882,42145.0,34323.36,M1319808652,0.0,0.0,0,0
49,PAYMENT,4657.91,C116903204,9115.0,4457.09,M1877067079,0.0,0.0,0,0
49,PAYMENT,11015.99,C390343398,41901.0,30885.01,M201406540,0.0,0.0,0,0
49,PAYMENT,5611.16,C883382789,174399.0,168787.84,M1435335211,0.0,0.0,0,0
49,PAYMENT,5740.97,C1671985510,29958.0,24217.03,M1726934535,0.0,0.0,0,0
49,PAYMENT,4641.67,C1746401197,83234.0,78592.33,M1450542246,0.0,0.0,0,0
49,CASH_OUT,9007.45,C1983292487,78592.33,69584.88,C1786765410,1967406.27,1976413.72,0,0
49,TRANSFER,159826.5,C1731846736,100559.0,0.0,C1842267247,33995.4,193821.9,0,0
49,PAYMENT,12466.09,C809814917,48300.0,35833.91,M1257122207,0.0,0.0,0,0
49,PAYMENT,6468.4,C154777625,146234.0,139765.6,M557510668,0.0,0.0,0,0
49,PAYMENT,850.07,C926158669,32055.0,31204.93,M204307173,0.0,0.0,0,0
49,PAYMENT,4416.51,C1209065993,31204.93,26788.42,M1046266263,0.0,0.0,0,0
49,PAYMENT,127.17,C696647542,19859.0,19731.83,M1318605553,0.0,0.0,0,0
49,CASH_OUT,26433.8,C22536577,19731.83,0.0,C48418368,192124.68,218558.49,0,0
49,PAYMENT,6109.98,C1499449413,848.0,0.0,M1596453463,0.0,0.0,0,0
49,PAYMENT,2157.83,C1394879640,105855.0,103697.17,M1841403028,0.0,0.0,0,0
49,CASH_IN,84823.19,C1249604745,46828.0,131651.19,C1854159293,162135.43,77312.24,0,0
49,PAYMENT,6553.97,C716079835,5453.0,0.0,M1486629882,0.0,0.0,0,0
49,PAYMENT,9286.51,C957903177,25016.0,15729.49,M676759007,0.0,0.0,0,0
49,CASH_OUT,54248.94,C1991270996,15729.49,0.0,C194185891,1144935.31,1199184.25,0,0
49,DEBIT,2777.67,C1338659971,10112.0,7334.33,C1494342053,14056.12,16833.79,0,0
49,PAYMENT,1466.25,C891479562,24369.0,22902.75,M700904716,0.0,0.0,0,0
49,PAYMENT,2961.78,C1553043618,6052.0,3090.22,M1096985087,0.0,0.0,0,0
49,PAYMENT,611.86,C1674708335,7019.0,6407.14,M2107826828,0.0,0.0,0,0
49,PAYMENT,2674.89,C770074906,6407.14,3732.25,M2040463368,0.0,0.0,0,0
49,PAYMENT,4627.07,C169188137,105155.0,100527.93,M1615445605,0.0,0.0,0,0
49,CASH_OUT,81539.16,C2121901519,24.0,0.0,C1234971247,2228639.01,2310178.17,0,0
49,PAYMENT,3844.14,C2145871176,642547.0,638702.86,M1494050126,0.0,0.0,0,0
49,PAYMENT,10069.18,C1956270748,378.0,0.0,M1207879197,0.0,0.0,0,0
49,PAYMENT,9585.94,C66533007,38506.0,28920.06,M828507306,0.0,0.0,0,0
49,PAYMENT,14608.15,C390770344,105151.0,90542.85,M649419890,0.0,0.0,0,0
49,PAYMENT,4963.4,C474760549,41679.0,36715.6,M1034573074,0.0,0.0,0,0
49,PAYMENT,3765.48,C2136445921,19890.0,16124.52,M1930233525,0.0,0.0,0,0
49,PAYMENT,1861.04,C219415260,6183.0,4321.96,M1660535977,0.0,0.0,0,0
49,PAYMENT,7265.85,C569543564,25456.0,18190.15,M986782121,0.0,0.0,0,0
49,PAYMENT,5465.38,C394198733,490.0,0.0,M999209991,0.0,0.0,0,0
49,PAYMENT,8138.41,C244706833,260581.0,252442.59,M1010541115,0.0,0.0,0,0
49,PAYMENT,1592.57,C1557375975,27798.0,26205.43,M309549822,0.0,0.0,0,0
49,PAYMENT,1361.47,C859298759,75.0,0.0,M1383898592,0.0,0.0,0,0
49,PAYMENT,3500.9,C330406107,6066.0,2565.1,M463308025,0.0,0.0,0,0
49,PAYMENT,69.59,C377064878,14594.0,14524.41,M551321884,0.0,0.0,0,0
49,PAYMENT,503.51,C1068806812,11357.0,10853.49,M1224295391,0.0,0.0,0,0
49,TRANSFER,90261.98,C305640339,144.0,0.0,C1865120160,12081.18,102343.16,0,0
49,DEBIT,1781.06,C1445397672,58882.0,57100.94,C1825930862,1043750.81,1045531.87,0,0
49,TRANSFER,215914.63,C1285385378,21015.0,0.0,C308972743,4358647.14,4574561.77,0,0
49,CASH_OUT,9964.26,C1316501845,0.0,0.0,C765717259,34169.05,44133.31,0,0
49,PAYMENT,5828.06,C1635561506,7090.0,1261.94,M261155553,0.0,0.0,0,0
49,CASH_OUT,126064.59,C684683213,21125.0,0.0,C1798521425,137845.47,263910.06,0,0
49,PAYMENT,3217.37,C670193936,72017.0,68799.63,M587923564,0.0,0.0,0,0
49,PAYMENT,2388.15,C725885198,7044.0,4655.85,M2015789740,0.0,0.0,0,0
49,DEBIT,2915.34,C1302949473,131065.0,128149.66,C1646743272,237474.62,240389.96,0,0
49,PAYMENT,6876.83,C920264664,23726.0,16849.17,M1008473180,0.0,0.0,0,0
49,PAYMENT,890.05,C1885586065,91992.0,91101.95,M1983869082,0.0,0.0,0,0
49,PAYMENT,8671.5,C276665690,2173.0,0.0,M1277152765,0.0,0.0,0,0
49,PAYMENT,3923.39,C570882469,0.0,0.0,M800122591,0.0,0.0,0,0
49,PAYMENT,7529.89,C1394307382,0.0,0.0,M1641623181,0.0,0.0,0,0
49,PAYMENT,1976.7,C1946626242,1798.0,0.0,M1546235523,0.0,0.0,0,0
49,PAYMENT,8320.15,C1412691697,0.0,0.0,M2092304316,0.0,0.0,0,0
49,PAYMENT,1876.01,C825909712,589612.0,587735.99,M544640194,0.0,0.0,0,0
49,PAYMENT,1195.46,C1807315523,587735.99,586540.53,M662573935,0.0,0.0,0,0
49,PAYMENT,5507.13,C1168687793,212186.0,206678.87,M1361860186,0.0,0.0,0,0
49,PAYMENT,3910.42,C1906777430,31586.0,27675.58,M647335270,0.0,0.0,0,0
49,PAYMENT,9058.2,C631995983,27675.58,18617.38,M369521190,0.0,0.0,0,0
49,PAYMENT,5159.78,C1602387997,275.0,0.0,M1442236470,0.0,0.0,0,0
49,DEBIT,740.81,C726764993,181335.0,180594.19,C1544604027,474480.53,475221.34,0,0
49,PAYMENT,689.13,C241393103,180594.19,179905.07,M1168811638,0.0,0.0,0,0
49,PAYMENT,1029.02,C645820813,106745.0,105715.98,M31907590,0.0,0.0,0,0
49,PAYMENT,3610.13,C369063888,251.0,0.0,M100067855,0.0,0.0,0,0
49,CASH_OUT,24946.52,C1347485989,0.0,0.0,C958314752,340924.92,365871.43,0,0
49,PAYMENT,4776.37,C1735981766,21535.0,16758.63,M156712974,0.0,0.0,0,0
50,TRANSFER,112668.54,C994276793,112668.54,0.0,C670042954,0.0,0.0,1,0
50,CASH_OUT,112668.54,C1673728989,112668.54,0.0,C487582896,0.0,112668.54,1,0
50,TRANSFER,967153.5,C850743663,967153.5,0.0,C1137540009,0.0,0.0,1,0
50,CASH_OUT,967153.5,C1815828420,967153.5,0.0,C917661354,183670.2,1150823.7,1,0
50,TRANSFER,592737.43,C30736240,592737.43,0.0,C725738949,0.0,0.0,1,0
50,CASH_OUT,592737.43,C300034494,592737.43,0.0,C206270107,163646.39,756383.82,1,0
51,TRANSFER,202887.77,C155466948,202887.77,0.0,C1368205157,0.0,0.0,1,0
51,CASH_OUT,202887.77,C1064820575,202887.77,0.0,C26411328,0.0,202887.77,1,0
51,TRANSFER,339275.64,C427722942,339275.64,0.0,C2116826462,0.0,0.0,1,0
51,CASH_OUT,339275.64,C433192438,339275.64,0.0,C1002469873,1481576.03,1820851.68,1,0
51,TRANSFER,115881.21,C836452372,115881.21,0.0,C1661320351,0.0,0.0,1,0
51,CASH_OUT,115881.21,C819461207,115881.21,0.0,C814886797,4774288.04,4890169.26,1,0
51,TRANSFER,1398946.33,C1560394123,1398946.33,0.0,C1393670189,0.0,0.0,1,0
51,CASH_OUT,1398946.33,C1269420432,1398946.33,0.0,C237977902,0.0,1398946.33,1,0
51,TRANSFER,1170282.92,C1948396559,1170282.92,0.0,C538567441,0.0,0.0,1,0
51,CASH_OUT,1170282.92,C555990868,1170282.92,0.0,C1318550066,173264.14,1343547.06,1,0
51,TRANSFER,567932.31,C710887172,567932.31,0.0,C2057229481,0.0,0.0,1,0
51,CASH_OUT,567932.31,C1373739020,567932.31,0.0,C1576761892,0.0,567932.31,1,0
51,TRANSFER,361460.79,C877036651,361460.79,0.0,C748208035,0.0,0.0,1,0
51,CASH_OUT,361460.79,C136533160,361460.79,0.0,C178151720,991487.78,1352948.57,1,0
52,TRANSFER,7484125.12,C1486116303,7484125.12,0.0,C398541118,0.0,0.0,1,0
52,CASH_OUT,7484125.12,C99129129,7484125.12,0.0,C1179262893,62896.23,7547021.36,1,0
52,TRANSFER,1093155.19,C84753955,1093155.19,0.0,C203085340,0.0,0.0,1,0
52,CASH_OUT,1093155.19,C395947070,1093155.19,0.0,C1747066716,1966451.64,3059606.83,1,0
52,TRANSFER,128426.58,C1842985263,128426.58,0.0,C840755462,0.0,0.0,1,0
52,CASH_OUT,128426.58,C742996578,128426.58,0.0,C11731793,0.0,128426.58,1,0
52,TRANSFER,969259.07,C806145630,969259.07,0.0,C1088026094,0.0,0.0,1,0
52,CASH_OUT,969259.07,C457586283,969259.07,0.0,C379384197,85723.45,1054982.52,1,0
53,TRANSFER,1631640.02,C443233087,1631640.02,0.0,C1597258791,0.0,0.0,1,0
53,CASH_OUT,1631640.02,C1732115289,1631640.02,0.0,C262978946,705298.87,2336938.89,1,0
53,TRANSFER,99139.27,C831891422,99139.27,0.0,C1984865103,0.0,0.0,1,0
53,CASH_OUT,99139.27,C457849577,99139.27,0.0,C253226648,28766.55,127905.82,1,0
53,TRANSFER,6215.44,C1484456052,6215.44,0.0,C1913346868,0.0,0.0,1,0
53,CASH_OUT,6215.44,C1351929617,6215.44,0.0,C842672981,191197.42,197412.85,1,0
53,TRANSFER,3640271.29,C1285761418,3640271.29,0.0,C2028641482,0.0,0.0,1,0
53,CASH_OUT,3640271.29,C108318597,3640271.29,0.0,C1038092429,6525.95,3646797.25,1,0
53,TRANSFER,931684.75,C101455775,931684.75,0.0,C1834538811,0.0,0.0,1,0
53,CASH_OUT,931684.75,C1888926728,931684.75,0.0,C1918631578,3608144.66,4539829.41,1,0
54,TRANSFER,1350574.58,C919766733,1350574.58,0.0,C623650025,0.0,0.0,1,0
54,CASH_OUT,1350574.58,C414078193,1350574.58,0.0,C907833742,2925591.98,4276166.57,1,0
54,TRANSFER,438224.6,C163085808,438224.6,0.0,C652285552,0.0,0.0,1,0
54,CASH_OUT,438224.6,C1238831225,438224.6,0.0,C296924123,320697.46,758922.05,1,0
55,TRANSFER,760625.76,C1611123412,760625.76,0.0,C1796277088,0.0,0.0,1,0
55,CASH_OUT,760625.76,C749159040,760625.76,0.0,C1749746216,128272.02,888897.78,1,0
55,TRANSFER,309254.05,C1323797959,309254.05,0.0,C986375360,0.0,0.0,1,0
55,CASH_OUT,309254.05,C906689307,309254.05,0.0,C1018466821,218535.44,527789.5,1,0
55,TRANSFER,283400.42,C1745208932,283400.42,0.0,C2118682140,0.0,0.0,1,0
55,CASH_OUT,283400.42,C2116041382,283400.42,0.0,C1772301094,2662439.92,2945840.34,1,0
55,TRANSFER,109028.8,C215685392,109028.8,0.0,C1679780828,0.0,0.0,1,0
55,CASH_OUT,109028.8,C1835596211,109028.8,0.0,C1502942700,674110.57,783139.37,1,0
55,TRANSFER,854550.85,C723006620,854550.85,0.0,C240791931,0.0,0.0,1,0
55,CASH_OUT,854550.85,C1410522707,854550.85,0.0,C880907246,186808.48,1041359.33,1,0
55,TRANSFER,167715.53,C5594712,167715.53,0.0,C69798076,0.0,0.0,1,0
55,CASH_OUT,167715.53,C710580864,167715.53,0.0,C349231889,492360.21,660075.73,1,0
56,TRANSFER,1932200.59,C1448304922,1932200.59,0.0,C1082976131,0.0,0.0,1,0
56,CASH_OUT,1932200.59,C1900295340,1932200.59,0.0,C2032646914,0.0,1932200.59,1,0
56,TRANSFER,829885.13,C633571752,829885.13,0.0,C22428002,0.0,0.0,1,0
56,CASH_OUT,829885.13,C1179900921,829885.13,0.0,C2021579766,13276462.12,14106347.25,1,0
56,TRANSFER,42789.93,C353411083,42789.93,0.0,C803277933,0.0,0.0,1,0
56,CASH_OUT,42789.93,C1799683256,42789.93,0.0,C2124012245,0.0,42789.93,1,0
56,TRANSFER,136562.78,C1391703729,136562.78,0.0,C1707583711,0.0,0.0,1,0
56,CASH_OUT,136562.78,C170337029,136562.78,0.0,C2005239245,21100.34,157663.12,1,0
56,TRANSFER,82767.31,C447204018,82767.31,0.0,C1405076025,0.0,0.0,1,0
56,CASH_OUT,82767.31,C1447707746,82767.31,0.0,C133385139,401173.22,483940.53,1,0
56,TRANSFER,2776135.33,C432219684,2776135.33,0.0,C926776113,0.0,0.0,1,0
56,CASH_OUT,2776135.33,C718213394,2776135.33,0.0,C1307403006,0.0,2776135.33,1,0
56,TRANSFER,4243468.19,C244956323,4243468.19,0.0,C1079262309,0.0,0.0,1,0
56,CASH_OUT,4243468.19,C175411270,4243468.19,0.0,C1082242132,698483.22,4941951.41,1,0
56,TRANSFER,530733.43,C176579882,530733.43,0.0,C1049193275,0.0,0.0,1,0
56,CASH_OUT,530733.43,C1486070505,530733.43,0.0,C1428831661,233066.99,763800.42,1,0
56,TRANSFER,325242.69,C464286204,325242.69,0.0,C1532660344,0.0,0.0,1,0
56,CASH_OUT,325242.69,C905192559,325242.69,0.0,C1676432811,910845.46,1236088.15,1,0
57,TRANSFER,157610.11,C207792334,157610.11,0.0,C912468991,0.0,0.0,1,0
57,CASH_OUT,157610.11,C1227085633,157610.11,0.0,C1712237759,949587.48,1107197.59,1,0
57,TRANSFER,354441.19,C829975560,354441.19,0.0,C157107660,0.0,0.0,1,0
57,CASH_OUT,354441.19,C633069844,354441.19,0.0,C1718989078,452296.45,806737.65,1,0
57,TRANSFER,1014816.16,C550185181,1014816.16,0.0,C1007032757,0.0,0.0,1,0
57,CASH_OUT,1014816.16,C1871778702,1014816.16,0.0,C2092796486,1417511.04,2432327.2,1,0
58,TRANSFER,246938.77,C1588962215,246938.77,0.0,C1667993735,0.0,0.0,1,0
58,CASH_OUT,246938.77,C1249676524,246938.77,0.0,C1822682019,0.0,246938.77,1,0
58,TRANSFER,561948.38,C856217790,561948.38,0.0,C1278181974,0.0,0.0,1,0
58,CASH_OUT,561948.38,C1424142386,561948.38,0.0,C248271098,30911.97,592860.35,1,0
58,TRANSFER,106673.26,C666474898,106673.26,0.0,C2119441360,0.0,0.0,1,0
58,CASH_OUT,106673.26,C160197221,106673.26,0.0,C431559844,0.0,106673.26,1,0
58,TRANSFER,6501303.14,C2083819202,6501303.14,0.0,C1581398768,0.0,0.0,1,0
58,CASH_OUT,6501303.14,C1033290326,6501303.14,0.0,C1721246847,4439499.5,10940802.64,1,0
58,TRANSFER,3156421.43,C1609180237,3156421.43,0.0,C1443408255,0.0,0.0,1,0
58,CASH_OUT,3156421.43,C597790533,3156421.43,0.0,C1365109989,181440.45,3337861.88,1,0
58,TRANSFER,1789155.73,C1979185568,1789155.73,0.0,C1873285106,0.0,0.0,1,0
58,CASH_OUT,1789155.73,C853148295,1789155.73,0.0,C439525493,2031388.61,3820544.34,1,0
58,TRANSFER,456745.18,C1016889565,456745.18,0.0,C1924324818,0.0,0.0,1,0
58,CASH_OUT,456745.18,C325643180,456745.18,0.0,C1138806458,0.0,456745.18,1,0
58,TRANSFER,7108914.22,C1494760088,7108914.22,0.0,C1835087777,0.0,0.0,1,0
58,CASH_OUT,7108914.22,C993318150,7108914.22,0.0,C73690456,0.0,7108914.22,1,0
58,TRANSFER,109525.67,C1677074645,109525.67,0.0,C408634115,0.0,0.0,1,0
58,CASH_OUT,109525.67,C924291724,109525.67,0.0,C1035427073,3997342.61,4106868.28,1,0
58,TRANSFER,378688.65,C801354252,378688.65,0.0,C388808912,0.0,0.0,1,0
58,CASH_OUT,378688.65,C851631639,378688.65,0.0,C1573752300,0.0,378688.65,1,0
59,TRANSFER,394388.09,C1625333778,394388.09,0.0,C940087282,0.0,0.0,1,0
59,CASH_OUT,394388.09,C1802030448,394388.09,0.0,C707965723,1260564.49,1654952.58,1,0
59,TRANSFER,3904257.51,C1648039979,3904257.51,0.0,C1502171587,0.0,0.0,1,0
59,CASH_OUT,3904257.51,C280132554,3904257.51,0.0,C858291954,0.0,3904257.51,1,0
59,TRANSFER,3857176.83,C1675721447,3857176.83,0.0,C892636220,0.0,0.0,1,0
59,CASH_OUT,3857176.83,C1585480308,3857176.83,0.0,C78663667,228541.62,4085718.45,1,0
59,TRANSFER,21174.45,C1690317775,21174.45,0.0,C1829927547,0.0,0.0,1,0
59,CASH_OUT,21174.45,C1739548854,21174.45,0.0,C240278716,31409.08,52583.53,1,0
59,TRANSFER,192765.49,C267452646,192765.49,0.0,C243306413,0.0,0.0,1,0
59,CASH_OUT,192765.49,C1429774414,192765.49,0.0,C764672612,3252407.57,3445173.06,1,0
59,TRANSFER,1011606.26,C813936493,1011606.26,0.0,C1382261132,0.0,0.0,1,0
59,CASH_OUT,1011606.26,C754293523,1011606.26,0.0,C1247187194,0.0,1011606.26,1,0
59,TRANSFER,2050727.81,C721700955,2050727.81,0.0,C1996747267,0.0,0.0,1,0
59,CASH_OUT,2050727.81,C992917413,2050727.81,0.0,C104038589,0.0,2050727.81,1,0
59,TRANSFER,9748.89,C385589098,9748.89,0.0,C1606057909,0.0,0.0,1,0
59,CASH_OUT,9748.89,C383165349,9748.89,0.0,C868497487,180869.12,190618.01,1,0
59,TRANSFER,44733.5,C521758644,44733.5,0.0,C1703221504,0.0,0.0,1,0
59,CASH_OUT,44733.5,C1363437677,44733.5,0.0,C1445811732,2534461.11,2579194.61,1,0
59,TRANSFER,1367340.03,C453950944,1367340.03,0.0,C1875884022,0.0,0.0,1,0
59,CASH_OUT,1367340.03,C954658479,1367340.03,0.0,C845870432,296833.6,1664173.63,1,0
60,TRANSFER,1026208.84,C1813387968,1026208.84,0.0,C106857650,0.0,0.0,1,0
60,CASH_OUT,1026208.84,C518197295,1026208.84,0.0,C1560262585,353447.51,1379656.35,1,0
60,TRANSFER,40486.25,C46706219,40486.25,0.0,C1894539182,0.0,0.0,1,0
60,CASH_OUT,40486.25,C1413149184,40486.25,0.0,C713338583,4716889.9,4757376.15,1,0
60,TRANSFER,89014.32,C1517105060,89014.32,0.0,C621322132,0.0,0.0,1,0
60,CASH_OUT,89014.32,C2128547053,89014.32,0.0,C2076906949,330651.68,419666.0,1,0
60,TRANSFER,45807.51,C958487787,45807.51,0.0,C218393296,0.0,0.0,1,0
60,CASH_OUT,45807.51,C981996349,45807.51,0.0,C1099066639,267824.05,313631.56,1,0
60,TRANSFER,742973.53,C153820103,742973.53,0.0,C1530694083,0.0,0.0,1,0
60,CASH_OUT,742973.53,C261473899,742973.53,0.0,C897961171,0.0,742973.53,1,0
60,TRANSFER,581421.85,C1021314422,581421.85,0.0,C2062695733,0.0,0.0,1,0
60,CASH_OUT,581421.85,C1175189548,581421.85,0.0,C340833561,407848.96,989270.81,1,0
61,TRANSFER,475368.94,C397354505,475368.94,0.0,C320276503,0.0,0.0,1,0
61,CASH_OUT,475368.94,C916986889,475368.94,0.0,C1738798142,1348026.73,1823395.67,1,0
61,TRANSFER,1735466.52,C182416415,1735466.52,0.0,C180492809,0.0,0.0,1,0
61,CASH_OUT,1735466.52,C319563760,1735466.52,0.0,C2133088178,0.0,1735466.52,1,0
61,TRANSFER,37720.99,C2113787126,37720.99,0.0,C2003052554,0.0,0.0,1,0
61,CASH_OUT,37720.99,C188991252,37720.99,0.0,C308006848,288804.07,326525.06,1,0
61,TRANSFER,1372301.24,C1544506396,1372301.24,0.0,C2060264943,0.0,0.0,1,0
61,CASH_OUT,1372301.24,C1024969195,1372301.24,0.0,C1809017437,0.0,1372301.24,1,0
61,TRANSFER,332138.32,C729983243,332138.32,0.0,C246124153,0.0,0.0,1,0
61,CASH_OUT,332138.32,C520847673,332138.32,0.0,C362089456,52021.34,384159.66,1,0
61,TRANSFER,55062.46,C960647528,55062.46,0.0,C1203056408,0.0,0.0,1,0
61,CASH_OUT,55062.46,C983142202,55062.46,0.0,C204026282,0.0,55062.46,1,0
61,TRANSFER,1155128.91,C74298259,1155128.91,0.0,C1317404545,0.0,0.0,1,0
61,CASH_OUT,1155128.91,C1202518126,1155128.91,0.0,C1162744412,0.0,1155128.91,1,0
62,TRANSFER,401529.35,C330207825,401529.35,0.0,C1825454306,0.0,0.0,1,0
62,CASH_OUT,401529.35,C570967174,401529.35,0.0,C1845869240,4162.42,405691.77,1,0
62,TRANSFER,722380.88,C1429215839,722380.88,0.0,C1401928307,0.0,0.0,1,0
62,CASH_OUT,722380.88,C207317063,722380.88,0.0,C1419788780,331969.08,1054349.95,1,0
62,TRANSFER,724414.43,C1803571079,724414.43,0.0,C1642306592,0.0,0.0,1,0
62,CASH_OUT,724414.43,C189532677,724414.43,0.0,C741569434,223853.38,948267.81,1,0
62,TRANSFER,407833.62,C1585122257,407833.62,0.0,C645113065,0.0,0.0,1,0
62,CASH_OUT,407833.62,C162879753,407833.62,0.0,C1818870755,0.0,407833.62,1,0
63,TRANSFER,148188.84,C1621152719,148188.84,0.0,C2001263601,0.0,0.0,1,0
63,CASH_OUT,148188.84,C198701564,148188.84,0.0,C492308077,194134.25,342323.08,1,0
63,TRANSFER,1693962.01,C279016627,1693962.01,0.0,C234112724,0.0,0.0,1,0
63,CASH_OUT,1693962.01,C1268276273,1693962.01,0.0,C959205237,98505.53,1792467.54,1,0
63,TRANSFER,14017.38,C156009552,14017.38,0.0,C2090793760,0.0,0.0,1,0
63,CASH_OUT,14017.38,C1076609671,14017.38,0.0,C1903932056,0.0,14017.38,1,0
63,TRANSFER,197226.65,C1538536157,197226.65,0.0,C1896614473,0.0,0.0,1,0
63,CASH_OUT,197226.65,C1388614734,197226.65,0.0,C693288034,0.0,197226.65,1,0
64,TRANSFER,31574.65,C1061680194,31574.65,0.0,C2009518683,0.0,0.0,1,0
64,CASH_OUT,31574.65,C568731351,31574.65,0.0,C329030670,199385.83,230960.48,1,0
64,TRANSFER,37796.75,C1530845932,37796.75,0.0,C2125159934,0.0,0.0,1,0
64,CASH_OUT,37796.75,C758006561,37796.75,0.0,C2079728909,211905.39,249702.14,1,0
64,TRANSFER,17051.69,C759912226,17051.69,0.0,C287309829,0.0,0.0,1,0
64,CASH_OUT,17051.69,C1032527042,17051.69,0.0,C317596259,289129.2,306180.89,1,0
64,TRANSFER,960306.85,C273631269,960306.85,0.0,C1035103148,0.0,0.0,1,0
64,CASH_OUT,960306.85,C1336358470,960306.85,0.0,C89588966,0.0,960306.85,1,0
64,TRANSFER,3097121.75,C941791959,3097121.75,0.0,C1945517835,0.0,0.0,1,0
64,CASH_OUT,3097121.75,C1563094045,3097121.75,0.0,C1677375515,0.0,3097121.75,1,0
64,TRANSFER,436317.49,C927898109,436317.49,0.0,C542075780,0.0,0.0,1,0
64,CASH_OUT,436317.49,C1101896788,436317.49,0.0,C641861955,195948.3,632265.79,1,0
64,TRANSFER,104957.85,C1844789908,104957.85,0.0,C2049190094,0.0,0.0,1,0
64,CASH_OUT,104957.85,C1731531059,104957.85,0.0,C621663353,29237.79,134195.64,1,0
64,TRANSFER,841052.98,C1837436553,841052.98,0.0,C611839321,0.0,0.0,1,0
64,CASH_OUT,841052.98,C1776675634,841052.98,0.0,C1757751807,0.0,841052.98,1,0
64,TRANSFER,1814483.97,C1198248537,1814483.97,0.0,C29406343,0.0,0.0,1,0
64,CASH_OUT,1814483.97,C1694539503,1814483.97,0.0,C1906797318,0.0,1814483.97,1,0
65,TRANSFER,701168.78,C1422133318,701168.78,0.0,C548676992,0.0,0.0,1,0
65,CASH_OUT,701168.78,C1795901064,701168.78,0.0,C1652576276,841462.58,1542631.35,1,0
65,TRANSFER,446032.95,C1116093088,446032.95,0.0,C506992553,0.0,0.0,1,0
65,CASH_OUT,446032.95,C289101217,446032.95,0.0,C514505298,205977.41,652010.36,1,0
65,TRANSFER,385556.82,C1699346936,385556.82,0.0,C27494611,0.0,0.0,1,0
65,CASH_OUT,385556.82,C1422380255,385556.82,0.0,C947026739,60032.11,445588.93,1,0
65,TRANSFER,3760068.04,C661110749,3760068.04,0.0,C90361142,0.0,0.0,1,0
65,CASH_OUT,3760068.04,C1824157901,3760068.04,0.0,C675598051,622555.65,4382623.69,1,0
65,TRANSFER,1282971.57,C1175896731,1282971.57,0.0,C1714931087,0.0,0.0,1,0
65,CASH_OUT,1282971.57,C744316850,1282971.57,0.0,C1365960800,392604.6,1675576.17,1,0
65,TRANSFER,881811.11,C920552627,881811.11,0.0,C1105243161,0.0,0.0,1,0
65,CASH_OUT,881811.11,C157136573,881811.11,0.0,C882992570,141736.75,1023547.85,1,0
65,TRANSFER,174923.28,C2041556759,174923.28,0.0,C1497527382,0.0,0.0,1,0
65,CASH_OUT,174923.28,C1061805919,174923.28,0.0,C1217320472,0.0,174923.28,1,0
65,TRANSFER,403975.39,C2112892697,403975.39,0.0,C1785871119,0.0,0.0,1,0
65,CASH_OUT,403975.39,C435979844,403975.39,0.0,C29687546,0.0,403975.39,1,0
65,TRANSFER,126690.14,C498025851,126690.14,0.0,C892311426,0.0,0.0,1,0
65,CASH_OUT,126690.14,C1827521206,126690.14,0.0,C1015650621,353834.29,480524.43,1,0
65,TRANSFER,215.83,C270115029,215.83,0.0,C1574358644,0.0,0.0,1,0
65,CASH_OUT,215.83,C1831520820,215.83,0.0,C331175512,3563442.24,3563658.07,1,0
66,TRANSFER,548269.98,C172609143,548269.98,0.0,C106756368,0.0,0.0,1,0
66,CASH_OUT,548269.98,C145966586,548269.98,0.0,C979594589,0.0,548269.98,1,0
66,TRANSFER,150405.2,C1433490225,150405.2,0.0,C1414864266,0.0,0.0,1,0
66,CASH_OUT,150405.2,C1857116353,150405.2,0.0,C690687822,170707.62,321112.82,1,0
66,TRANSFER,813133.35,C718215446,813133.35,0.0,C1200993280,0.0,0.0,1,0
66,CASH_OUT,813133.35,C952177952,813133.35,0.0,C884699340,0.0,813133.35,1,0
66,TRANSFER,2096634.43,C1735799250,2096634.43,0.0,C106378482,0.0,0.0,1,0
66,CASH_OUT,2096634.43,C65342125,2096634.43,0.0,C282355647,183429.98,2280064.41,1,0
66,TRANSFER,272791.44,C476640492,272791.44,0.0,C1370530926,0.0,0.0,1,0
66,CASH_OUT,272791.44,C1671353324,272791.44,0.0,C1524911570,715267.02,988058.46,1,0
66,TRANSFER,7169129.94,C1016521533,7169129.94,0.0,C475877892,0.0,0.0,1,0
66,CASH_OUT,7169129.94,C877157675,7169129.94,0.0,C357180483,0.0,7169129.94,1,0
66,TRANSFER,107188.41,C1876689114,107188.41,0.0,C1824138036,0.0,0.0,1,0
66,CASH_OUT,107188.41,C2059976574,107188.41,0.0,C1021456304,696135.43,803323.83,1,0
66,TRANSFER,3444943.59,C1900819473,3444943.59,0.0,C526266879,0.0,0.0,1,0
66,CASH_OUT,3444943.59,C127639062,3444943.59,0.0,C1426710143,217174.65,3662118.24,1,0
66,TRANSFER,126715.84,C147756271,126715.84,0.0,C650234869,0.0,0.0,1,0
66,CASH_OUT,126715.84,C935524807,126715.84,0.0,C1309332634,273157.93,399873.77,1,0
66,TRANSFER,4631432.03,C658423698,4631432.03,0.0,C329899379,0.0,0.0,1,0
66,CASH_OUT,4631432.03,C2089741901,4631432.03,0.0,C434503423,122727.22,4754159.25,1,0
66,TRANSFER,2322909.69,C1795295,2322909.69,0.0,C658604431,0.0,0.0,1,0
66,CASH_OUT,2322909.69,C548911578,2322909.69,0.0,C1075176822,875613.05,3198522.74,1,0
66,TRANSFER,79441.66,C1915179121,79441.66,0.0,C36534041,0.0,0.0,1,0
66,CASH_OUT,79441.66,C2043684094,79441.66,0.0,C795372753,2051790.44,2131232.1,1,0
67,TRANSFER,1028326.5,C582388359,1028326.5,0.0,C641615589,0.0,0.0,1,0
67,CASH_OUT,1028326.5,C1062379106,1028326.5,0.0,C1316357800,0.0,1028326.5,1,0
67,TRANSFER,42513.08,C2009003297,42513.08,0.0,C1459842129,0.0,0.0,1,0
67,CASH_OUT,42513.08,C263309564,42513.08,0.0,C1511183581,0.0,42513.08,1,0
67,TRANSFER,106460.7,C432380223,106460.7,0.0,C1583623584,0.0,0.0,1,0
67,CASH_OUT,106460.7,C844080619,106460.7,0.0,C597435768,1414263.15,1520723.84,1,0
68,TRANSFER,915266.65,C1936471789,915266.65,0.0,C844650878,0.0,0.0,1,0
68,CASH_OUT,915266.65,C347823837,915266.65,0.0,C535285535,2415414.35,3330681.0,1,0
68,TRANSFER,5800988.12,C1770441952,5800988.12,0.0,C1228502814,0.0,0.0,1,0
68,CASH_OUT,5800988.12,C1232837961,5800988.12,0.0,C1664538299,0.0,5800988.12,1,0
68,TRANSFER,1858515.57,C1530003925,1858515.57,0.0,C1195646619,0.0,0.0,1,0
68,CASH_OUT,1858515.57,C355594712,1858515.57,0.0,C1163824069,887595.71,2746111.29,1,0
68,TRANSFER,3512572.72,C1585059557,3512572.72,0.0,C1250942546,0.0,0.0,1,0
68,CASH_OUT,3512572.72,C451243683,3512572.72,0.0,C958253769,111846.62,3624419.34,1,0
68,TRANSFER,374178.28,C486342629,374178.28,0.0,C249139572,0.0,0.0,1,0
68,CASH_OUT,374178.28,C712970778,374178.28,0.0,C44247024,616364.57,990542.85,1,0
68,TRANSFER,2026529.56,C607970446,2026529.56,0.0,C1306842666,0.0,0.0,1,0
68,CASH_OUT,2026529.56,C354227932,2026529.56,0.0,C467042735,511526.05,2538055.62,1,0
68,TRANSFER,13890.42,C1860550733,13890.42,0.0,C731457880,0.0,0.0,1,0
68,CASH_OUT,13890.42,C1020850249,13890.42,0.0,C381876590,0.0,13890.42,1,0
68,TRANSFER,281743.12,C2139323336,281743.12,0.0,C1787061281,0.0,0.0,1,0
68,CASH_OUT,281743.12,C47524114,281743.12,0.0,C645628840,158099.98,439843.09,1,0
68,TRANSFER,157494.6,C1123186349,157494.6,0.0,C1729475937,0.0,0.0,1,0
68,CASH_OUT,157494.6,C961780738,157494.6,0.0,C1786351253,509029.31,666523.92,1,0
69,TRANSFER,19776.71,C1567288795,19776.71,0.0,C1978402788,0.0,0.0,1,0
69,CASH_OUT,19776.71,C1994183389,19776.71,0.0,C366927459,1138941.53,1158718.24,1,0
69,TRANSFER,271731.05,C659199413,271731.05,0.0,C1444079719,0.0,0.0,1,0
69,CASH_OUT,271731.05,C48017106,271731.05,0.0,C1750307657,0.0,271731.05,1,0
69,TRANSFER,7728992.56,C139632487,7728992.56,0.0,C1966690861,0.0,0.0,1,0
69,CASH_OUT,7728992.56,C403242634,7728992.56,0.0,C61990291,340622.45,8069615.0,1,0
69,TRANSFER,175328.85,C1805399811,175328.85,0.0,C1422711438,0.0,0.0,1,0
69,CASH_OUT,175328.85,C215072412,175328.85,0.0,C386798101,110129.95,285458.8,1,0
69,TRANSFER,353313.55,C275034566,353313.55,0.0,C782534893,0.0,0.0,1,0
69,CASH_OUT,353313.55,C1330110958,353313.55,0.0,C857281092,2808260.05,3161573.6,1,0
69,TRANSFER,582571.87,C1164571434,582571.87,0.0,C895361185,0.0,0.0,1,0
69,CASH_OUT,582571.87,C1154322501,582571.87,0.0,C1687580441,0.0,582571.87,1,0
69,TRANSFER,2960254.17,C833989982,2960254.17,0.0,C1897067419,0.0,0.0,1,0
69,CASH_OUT,2960254.17,C262990065,2960254.17,0.0,C1242379975,620822.89,3581077.07,1,0
69,TRANSFER,5521483.54,C505397169,5521483.54,0.0,C599233021,0.0,0.0,1,0
69,CASH_OUT,5521483.54,C1786386487,5521483.54,0.0,C1454031203,5527212.34,11048695.88,1,0
69,TRANSFER,2147778.33,C1991870331,2147778.33,0.0,C501280303,0.0,0.0,1,0
69,CASH_OUT,2147778.33,C515510845,2147778.33,0.0,C415699959,0.0,2147778.33,1,0
69,TRANSFER,967954.01,C2109457516,967954.01,0.0,C908864570,0.0,0.0,1,0
69,CASH_OUT,967954.01,C1195032652,967954.01,0.0,C1367255869,0.0,967954.01,1,0
70,TRANSFER,266766.78,C2105673103,266766.78,0.0,C98079296,0.0,0.0,1,0
70,CASH_OUT,266766.78,C862440440,266766.78,0.0,C167070759,0.0,266766.78,1,0
70,TRANSFER,1036789.41,C282915164,1036789.41,0.0,C672400159,0.0,0.0,1,0
70,CASH_OUT,1036789.41,C32861099,1036789.41,0.0,C1594778194,523315.63,1560105.04,1,0
70,TRANSFER,167067.78,C1823914087,167067.78,0.0,C1052777709,0.0,0.0,1,0
70,CASH_OUT,167067.78,C1636013570,167067.78,0.0,C2066003164,169160.19,336227.97,1,0
71,TRANSFER,322113.91,C1765119291,322113.91,0.0,C371379583,0.0,0.0,1,0
71,CASH_OUT,322113.91,C1982559118,322113.91,0.0,C1018969803,0.0,322113.91,1,0
71,TRANSFER,91691.75,C1715084286,91691.75,0.0,C415375205,0.0,0.0,1,0
71,CASH_OUT,91691.75,C1841119507,91691.75,0.0,C1966998418,329117.96,420809.71,1,0
71,TRANSFER,1871553.73,C677678546,1871553.73,0.0,C646623849,0.0,0.0,1,0
71,CASH_OUT,1871553.73,C92154963,1871553.73,0.0,C1037207091,0.0,1871553.73,1,0
71,TRANSFER,2949339.09,C866984681,2949339.09,0.0,C1857536723,0.0,0.0,1,0
71,CASH_OUT,2949339.09,C874465366,2949339.09,0.0,C1545590429,167663.32,3117002.41,1,0
71,TRANSFER,479892.04,C949573914,479892.04,0.0,C346346824,0.0,0.0,1,0
71,CASH_OUT,479892.04,C1282533102,479892.04,0.0,C672637887,1600079.29,2079971.33,1,0
71,TRANSFER,304085.48,C378617827,304085.48,0.0,C1265131322,0.0,0.0,1,0
71,CASH_OUT,304085.48,C1476565151,304085.48,0.0,C1637975724,152325.14,456410.63,1,0
71,TRANSFER,14385.54,C706829068,14385.54,0.0,C1684593692,0.0,0.0,1,0
71,CASH_OUT,14385.54,C1772396080,14385.54,0.0,C257338994,28309.09,42694.63,1,0
71,TRANSFER,62091.44,C1985338048,62091.44,0.0,C1366367431,0.0,0.0,1,0
71,CASH_OUT,62091.44,C979329781,62091.44,0.0,C1938348365,6296058.91,6358150.35,1,0
71,TRANSFER,386996.34,C436643721,386996.34,0.0,C295403005,0.0,0.0,1,0
71,CASH_OUT,386996.34,C1461649383,386996.34,0.0,C798055687,512943.11,899939.45,1,0
71,TRANSFER,345526.4,C264616990,345526.4,0.0,C1955514169,0.0,0.0,1,0
71,CASH_OUT,345526.4,C1313615833,345526.4,0.0,C475338087,210291.99,555818.38,1,0
72,TRANSFER,2947783.87,C1641673590,2947783.87,0.0,C227659861,0.0,0.0,1,0
72,CASH_OUT,2947783.87,C1092143469,2947783.87,0.0,C528593406,353246.54,3301030.4,1,0
72,TRANSFER,730574.39,C1671411740,730574.39,0.0,C2033875224,0.0,0.0,1,0
72,CASH_OUT,730574.39,C1283613009,730574.39,0.0,C1291527211,183897.18,914471.57,1,0
72,TRANSFER,3786438.03,C1659791860,3786438.03,0.0,C199886377,0.0,0.0,1,0
72,CASH_OUT,3786438.03,C1706727269,3786438.03,0.0,C98727471,84013.26,3870451.29,1,0
72,TRANSFER,622235.32,C2071698582,622235.32,0.0,C1036746993,0.0,0.0,1,0
72,CASH_OUT,622235.32,C615309889,622235.32,0.0,C755984599,3377968.96,4000204.28,1,0
72,TRANSFER,3243092.91,C891068137,3243092.91,0.0,C177386089,0.0,0.0,1,0
72,CASH_OUT,3243092.91,C78395024,3243092.91,0.0,C1981613973,1299786.59,4542879.5,1,0
72,TRANSFER,10000000.0,C53057884,18594065.09,8594065.09,C588547519,0.0,0.0,1,0
72,CASH_OUT,10000000.0,C1438388258,10000000.0,0.0,C1089455271,81810.42,10081810.42,1,0
72,TRANSFER,8594065.09,C1801750044,8594065.09,0.0,C1420708952,0.0,0.0,1,0
72,CASH_OUT,8594065.09,C1456711816,8594065.09,0.0,C1231373551,5844.51,8599909.6,1,0
